CREATE database if NOT EXISTS `ai_bi` default character set utf8mb4 collate utf8mb4_general_ci;
use
    `ai_bi`;

SET NAMES utf8mb4;
SET FOREIGN_KEY_CHECKS = 0;

-- ----------------------------
-- Table structure for t_chart
-- ----------------------------
DROP TABLE IF EXISTS `t_chart`;
CREATE TABLE `t_chart`
(
    `chart_id`         bigint                                                        NOT NULL AUTO_INCREMENT COMMENT 'id',
    `chart_name`       varchar(128) CHARACTER SET utf8mb4 COLLATE utf8mb4_unicode_ci NULL     DEFAULT NULL COMMENT '图表名称',
    `chart_goal`       text CHARACTER SET utf8mb4 COLLATE utf8mb4_unicode_ci         NULL COMMENT '分析目标',
    `chart_data`       text CHARACTER SET utf8mb4 COLLATE utf8mb4_unicode_ci         NULL COMMENT '图标数据',
    `chart_type`       varchar(128) CHARACTER SET utf8mb4 COLLATE utf8mb4_unicode_ci NULL     DEFAULT NULL COMMENT '图表类型',
    `chart_gen_chart`  text CHARACTER SET utf8mb4 COLLATE utf8mb4_unicode_ci         NULL COMMENT '生成的图表数据',
    `chart_gen_result` text CHARACTER SET utf8mb4 COLLATE utf8mb4_unicode_ci         NULL COMMENT '生成的分析结论',
    `chart_user_id`    bigint                                                        NULL     DEFAULT NULL COMMENT '用户id',
    `create_time`      timestamp                                                     NOT NULL DEFAULT CURRENT_TIMESTAMP COMMENT '创建时间',
    `update_time`      timestamp                                                     NOT NULL DEFAULT CURRENT_TIMESTAMP ON UPDATE CURRENT_TIMESTAMP COMMENT '更新时间',
    `is_deleted`       tinyint                                                       NOT NULL DEFAULT 0 COMMENT '是否删除',
    PRIMARY KEY (`chart_id`) USING BTREE
) ENGINE = InnoDB
  AUTO_INCREMENT = 1792803536971911170
  CHARACTER SET = utf8mb4
  COLLATE = utf8mb4_unicode_ci COMMENT = '图标信息表'
  ROW_FORMAT = Dynamic;

-- ----------------------------
-- Records of t_chart
-- ----------------------------
INSERT INTO `t_chart`
VALUES (1770766576500760577, '商品表', '分析一下商品价格,请使用饼图', '商品,价格\n鞋子,120\n衣服,500\n汽车,200000\n',
        '饼图',
        '{\n    \"title\": {\n        \"text\": \"商品价格分布\",\n        \"subtext\": \"\",\n        \"left\": \"center\"\n    },\n    \"tooltip\": {\n        \"trigger\": \"item\",\n        \"formatter\": \"{a} <br/>{b}: {c} ({d}%)\"\n    },\n    \"legend\": {\n        \"orient\": \"vertical\",\n        \"left\": 10,\n        \"data\": [\"鞋子\", \"衣服\", \"汽车\"]\n    },\n    \"series\": [\n        {\n            \"name\": \"商品价格\",\n            \"type\": \"pie\",\n            \"radius\": \"50%\",\n            \"center\": [\"50%\", \"60%\"],\n            \"data\": [\n                {\"value\": 120, \"name\": \"鞋子\"},\n                {\"value\": 500, \"name\": \"衣服\"},\n                {\"value\": 200000, \"name\": \"汽车\"}\n            ],\n            \"itemStyle\": {\n                \"emphasis\": {\n                    \"shadowBlur\": 10,\n                    \"shadowOffsetX\": 0,\n                    \"shadowColor\": \"rgba(0, 0, 0, 0.5)\"\n                }\n            }\n        }\n    ]\n}\n',
        '\n根据数据分析可得，商品价格分布非常不均衡，鞋子价格最低，衣服价格居中，汽车价格最高。', 1770428273925709826,
        '2024-03-21 18:57:06', '2024-03-21 18:57:06', 0);
INSERT INTO `t_chart`
VALUES (1770770074965532673, '商品一月份到三月份价格表', '分析一下各个商品价格的价格趋势,请使用折线图',
        '商品,第一月份价格,第二月份价格,第三月份价格\n鞋子,120,200,300\n衣服,500,450,480\n汽车,200000,100000,79800\n',
        '折线图',
        '{\n    \"title\": {\n        \"text\": \"商品价格趋势\",\n        \"subtext\": \"\"\n        },\n    \"tooltip\": {\n        \"trigger\": \"axis\"\n    },\n    \"legend\": {\n        \"data\": [\"鞋子\", \"衣服\", \"汽车\"]\n        },\n    \"xAxis\": {\n        \"type\": \"category\",\n        \"data\": [\"第一月份\", \"第二月份\", \"第三月份\"]\n    },\n    \"yAxis\": {\n        \"type\": \"value\"\n    },\n    \"series\": [{\n        \"name\": \"鞋子\",\n        \"type\": \"line\",\n        \"data\": [120, 200, 300]\n    }, {\n        \"name\": \"衣服\",\n        \"type\": \"line\",\n        \"data\": [500, 450, 480]\n    }, {\n        \"name\": \"汽车\",\n        \"type\": \"line\",\n        \"data\": [200000, 100000, 79800]\n    }]\n}\n',
        '\n根据数据分析可得，鞋子价格在三个月内逐渐增加，衣服价格在三个月内略有波动，汽车价格在三个月内急剧下降。',
        1770428273925709826, '2024-03-21 19:11:00', '2024-03-21 19:11:00', 0);
INSERT INTO `t_chart`
VALUES (1771878474238558209, '分析图表中学生的综合成绩', '分析图表中学生的综合成绩,请使用折线图',
        '地区,2024招录人数,2023年最低进面分,2023最高进面分,2023招录人数,2023年报名人数,2022年最低进面分,2022最高进面分,2022招录人数,2022报名人数\n平房区,2,136.5,140.7,2,141,135.5\n呼兰区,10,134.1,140.5,9,249,137.1\n阿城区,4,132.9,149,19,285,129.5\n双城区,15,121.7,140.3,9,62,132\n依兰县,28,124.1,145.4,22,59,117.6\n五常市,58,123.2,145.4,85,385,123.4\n巴彦县,33,123,143.2,16,51,121.3\n宾县,26,122.6,152.4,147,40,123.7\n木兰县,7,122.4,137.5,15,24,122.2\n尚志市,17,121.8,141.8,30,97,122.2\n通河县,20,119.7,153.5,13,33,117.5\n延寿县,4,117.1,135.2,12,21,130.3\n方正县,11,116.7,131,5,14,119.8\n',
        '折线图',
        '{\n    \"title\": {\n        \"text\": \"学生综合成绩\",\n        \"subtext\": \"\"\n    },\n    \"tooltip\": {\n        \"trigger\": \"axis\"\n    },\n    \"legend\": {\n        \"data\": [\"2024招录人数\", \"2023年最低进面分\", \"2023最高进面分\", \"2023招录人数\", \"2023年报名人数\", \"2022年最低进面分\", \"2022最高进面分\", \"2022招录人数\", \"2022报名人数\"]\n    },\n    \"xAxis\": {\n        \"type\": \"category\",\n        \"data\": [\"平房区\", \"呼兰区\", \"阿城区\", \"双城区\", \"依兰县\", \"五常市\", \"巴彦县\", \"宾县\", \"木兰县\", \"尚志市\", \"通河县\", \"延寿县\", \"方正县\"]\n    },\n    \"yAxis\": {},\n    \"series\": [\n        {\n            \"name\": \"2024招录人数\",\n            \"type\": \"line\",\n            \"data\": [2, 10, 4, 15, 28, 58, 33, 26, 7, 17, 20, 4, 11]\n        },\n        {\n            \"name\": \"2023年最低进面分\",\n            \"type\": \"line\",\n            \"data\": [136.5, 134.1, 132.9, 121.7, 124.1, 123.2, 123, 122.6, 122.4, 121.8, 119.7, 117.1, 116.7]\n        },\n        {\n            \"name\": \"2023最高进面分\",\n            \"type\": \"line\",\n            \"data\": [140.7, 140.5, 149, 140.3, 145.4, 145.4, 143.2, 152.4, 137.5, 141.8, 153.5, 135.2, 131]\n        },\n        {\n            \"name\": \"2023招录人数\",\n            \"type\": \"line\",\n            \"data\": [2, 9, 19, 9, 22, 85, 16, 147, 15, 30, 13, 12, 5]\n        },\n        {\n            \"name\": \"2023年报名人数\",\n            \"type\": \"line\",\n            \"data\": [141, 249, 285, 62, 59, 385, 51, 40, 24, 97, 33, 21, 14]\n        },\n        {\n            \"name\": \"2022年最低进面分\",\n            \"type\": \"line\",\n            \"data\": [135.5, 137.1, 129.5, 132, 117.6, 123.4, 121.3, 123.7, 122.2, 122.2, 117.5, 130.3, 119.8]\n        },\n        {\n            \"name\": \"2022最高进面分\",\n            \"type\": \"line\",\n            \"data\": [140.7, 140.5, 149, 140.3, 145.4, 145.4, 143.2, 152.4, 137.5, 141.8, 153.5, 135.2, 131]\n        },\n        {\n            \"name\": \"2022招录人数\",\n            \"type\": \"line\",\n            \"data\": [null, null, null, null, null, null, null, null, null, null, null, null, null]\n        },\n        {\n            \"name\": \"2022报名人数\",\n            \"type\": \"line\",\n            \"data\": [null, null, null, null, null, null, null, null, null, null, null, null, null]\n        }\n    ]\n}\n',
        '\n根据数据分析可得，不同地区的学生综合成绩表现存在差异。\n2024年招录人数最多的地区是五常市，为58人；\n2023年最低进面分最高的地区是呼兰区，为134.1分；\n2023年最高进面分最高的地区是阿城区，为149',
        1770428273925709826, '2024-03-24 20:35:23', '2024-03-24 20:35:23', 0);
INSERT INTO `t_chart`
VALUES (1771914467224231937, '黑龙江省考今年招考数据表',
        '我的分数在130分左右，请你针对每个地区帮我分析一下我能考上的概率，形成柱状图,请使用柱状图',
        '地区,2024招录人数,2023年最低进面分,2023最高进面分,2023招录人数,2023年报名人数,2022年最低进面分,2022最高进面分,2022招录人数,2022报名人数\n平房区,2,136.5,140.7,2,141,135.5\n呼兰区,10,134.1,140.5,9,249,137.1\n阿城区,4,132.9,149,19,285,129.5\n双城区,15,121.7,140.3,9,62,132\n依兰县,28,124.1,145.4,22,59,117.6\n五常市,58,123.2,145.4,85,385,123.4\n巴彦县,33,123,143.2,16,51,121.3\n宾县,26,122.6,152.4,147,40,123.7\n木兰县,7,122.4,137.5,15,24,122.2\n尚志市,17,121.8,141.8,30,97,122.2\n通河县,20,119.7,153.5,13,33,117.5\n延寿县,4,117.1,135.2,12,21,130.3\n方正县,11,116.7,131,5,14,119.8\n',
        '柱状图',
        '{\n    \"title\": {\n        \"text\": \"各地区考入概率分析\",\n        \"subtext\": \"根据历年进面分和招录人数\"\n    },\n    \"tooltip\": {\n        \"trigger\": \"axis\",\n        \"axisPointer\": {\n            \"type\": \"shadow\"\n        }\n    },\n    \"legend\": {},\n    \"xAxis\": {\n        \"data\": [\"平房区\", \"呼兰区\", \"阿城区\", \"双城区\", \"依兰县\", \"五常市\", \"巴彦县\", \"宾县\", \"木兰县\", \"尚志市\", \"通河县\", \"延寿县\", \"方正县\"],\n        \"axisLabel\": {\n            \"interval\": 0,\n            \"rotate\": 45\n        }\n    },\n    \"yAxis\": {},\n    \"series\": [{\n        \"name\": \"2024招录人数\",\n        \"type\": \"bar\",\n        \"data\": [2, 10, 4, 15, 28, 58, 33, 26, 7, 17, 20, 4, 11]\n    }, {\n        \"name\": \"2023年最低进面分\",\n        \"type\": \"bar\",\n        \"data\": [136.5, 134.1, 132.9, 121.7, 124.1, 123.2, 123, 122.6, 122.4, 121.8, 119.7, 117.1, 116.7]\n    }, {\n        \"name\": \"2023年最高进面分\",\n        \"type\": \"bar\",\n        \"data\": [140.7, 140.5, 149, 140.3, 145.4, 145.4, 143.2, 152.4, 137.5, 141.8, 153.5, 135.2, 131]\n    }]\n}\n',
        '\n根据数据分析可得，根据历年的进面分和招录人数统计，\n平房区的考入概率较低，呼兰区、阿城区和双城区的考入概率较高。\n其他地区的考入概率和具体情况需要进一步分析。',
        1770428273925709826, '2024-03-24 22:58:24', '2024-03-24 22:58:24', 0);
INSERT INTO `t_chart`
VALUES (1775503637268127746, '省考选调分数', '分析一下这个表大致说了个什么,请使用柱状图',
        '地区,2024招录人数,2023年最低进面分,2023最高进面分,2023招录人数,2023年报名人数,2022年最低进面分,2022最高进面分,2022招录人数,2022报名人数\n平房区,2,136.5,140.7,2,141,135.5\n呼兰区,10,134.1,140.5,9,249,137.1\n阿城区,4,132.9,149,19,285,129.5\n双城区,15,121.7,140.3,9,62,132\n依兰县,28,124.1,145.4,22,59,117.6\n五常市,58,123.2,145.4,85,385,123.4\n巴彦县,33,123,143.2,16,51,121.3\n宾县,26,122.6,152.4,147,40,123.7\n木兰县,7,122.4,137.5,15,24,122.2\n尚志市,17,121.8,141.8,30,97,122.2\n通河县,20,119.7,153.5,13,33,117.5\n延寿县,4,117.1,135.2,12,21,130.3\n方正县,11,116.7,131,5,14,119.8\n',
        '柱状图',
        '{\n    \"title\": {\n        \"text\": \"招录人数与进面分对比\",\n        \"subtext\": \"\"\n    },\n    \"tooltip\": {\n        \"trigger\": \"axis\",\n        \"axisPointer\": {\n            \"type\": \"shadow\"\n        }\n    },\n    \"legend\": {\n        \"data\": [\"2024招录人数\", \"2023招录人数\", \"2022招录人数\", \"2023最低进面分\", \"2023最高进面分\", \"2022最低进面分\", \"2022最高进面分\"]\n    },\n    \"grid\": {\n        \"left\": \"3%\",\n        \"right\": \"4%\",\n        \"bottom\": \"3%\",\n        \"containLabel\": true\n    },\n    \"xAxis\": [\n        {\n            \"type\": \"category\",\n            \"data\": [\"平房区\", \"呼兰区\", \"阿城区\", \"双城区\", \"依兰县\", \"五常市\", \"巴彦县\", \"宾县\", \"木兰县\", \"尚志市\", \"通河县\", \"延寿县\", \"方正县\"],\n            \"axisTick\": {\n                \"alignWithLabel\": true\n            }\n        }\n    ],\n    \"yAxis\": {},\n    \"series\": [\n        {\n            \"name\": \"2024招录人数\",\n            \"type\": \"bar\",\n            \"data\": [2, 10, 4, 15, 28, 58, 33, 26, 7, 17, 20, 4, 11]\n        },\n        {\n            \"name\": \"2023招录人数\",\n            \"type\": \"bar\",\n            \"data\": [2, 9, 19, 9, 22, 85, 16, 147, 15, 30, 13, 12, 5]\n        },\n        {\n            \"name\": \"2022招录人数\",\n            \"type\": \"bar\",\n            \"data\": [null, null, null, null, null, null, null, null, null, null, null, null, null]\n        },\n        {\n            \"name\": \"2023最低进面分\",\n            \"type\": \"bar\",\n            \"data\": [null, null, null, null, null, null, null, null, null, null, null, null, null, 132.9]\n        },\n        {\n            \"name\": \"2023最高进面分\",\n            \"type\": \"bar\",\n            \"data\": [null, null, null, null, null, null, null, null, null, null, null, null, null, 149]\n        },\n        {\n            \"name\": \"2022最低进面分\",\n            \"type\": \"bar\",\n            \"data\": [null, null, null, null, null, null, null, null, null, null, null, null, null, null]\n        },\n        {\n            \"name\": \"2022最高进面分\",\n            \"type\": \"bar\",\n            \"data\": [null, null, null, null, null, null, null, null, null, null, null, null, null, null]\n        }\n    ]\n}\n',
        '\n通过该柱状图可以大致了解到不同地区的招录人数和进面分情况。\n可以观察到2024年只有部分地区有招录人数，其他地区尚未公布数据。\n2023年的招录人数相对较多，呼兰区、宾县和五常市的招录人数最多。\n2023年的进面分最低的地区为方正县，为116.7分，最高的地区为木兰县，为137.5分。\n2022年的数据不完整，没有相关招录人数和进面分的数据。\n综合分析可得，招录人数和进面分在不同地区之间存在差异，可以作为选择地区就业的参考依据。',
        1770428273925709826, '2024-04-03 20:40:29', '2024-04-03 20:40:29', 0);
INSERT INTO `t_chart`
VALUES (1789349845400952833, '商品价格表', '分析一下各个商品的价格趋势,请使用折线图',
        '商品,第一月份价格,第二月份价格,第三月份价格\n鞋子,120,200,300\n衣服,500,450,480\n汽车,200000,100000,79800\n',
        '折线图',
        '{\n    \"title\": {\n        \"text\": \"商品价格趋势\",\n        \"subtext\": \"\"\n        },\n    \"tooltip\": {\n        \"trigger\": \"axis\"\n        },\n    \"legend\": {\n        \"data\": [\"鞋子\", \"衣服\", \"汽车\"]\n        },\n    \"xAxis\": {\n        \"type\": \"category\",\n        \"data\": [\"第一月份\", \"第二月份\", \"第三月份\"]\n        },\n    \"yAxis\": {\n        \"type\": \"value\"\n        },\n    \"series\": [\n        {\n            \"name\": \"鞋子\",\n            \"type\": \"line\",\n            \"data\": [120, 200, 300]\n        },\n        {\n            \"name\": \"衣服\",\n            \"type\": \"line\",\n            \"data\": [500, 450, 480]\n        },\n        {\n            \"name\": \"汽车\",\n            \"type\": \"line\",\n            \"data\": [200000, 100000, 79800]\n        }\n    ]\n}\n',
        '\n根据数据分析可得，鞋子和衣服的价格在三个月内波动不大，而汽车的价格有明显下降的趋势。', 1770428273925709826,
        '2024-05-12 01:40:22', '2024-05-12 01:40:22', 0);
INSERT INTO `t_chart`
VALUES (1789350141615284225, '商品价格表', '请分析一下各个商品价格增长率和趋势，我应该在下个月怎么进货,请使用折线图',
        '商品,第一月份价格,第二月份价格,第三月份价格\n鞋子,120,200,300\n衣服,500,450,480\n汽车,200000,100000,79800\n',
        '折线图',
        '{\n    \"title\": {\n        \"text\": \"商品价格增长率和趋势\",\n        \"subtext\": \"\"\n    },\n    \"tooltip\": {\n        \"trigger\": \"axis\"\n    },\n    \"legend\": {\n        \"data\": [\"鞋子\", \"衣服\", \"汽车\"]\n    },\n    \"xAxis\": {\n        \"type\": \"category\",\n        \"boundaryGap\": false,\n        \"data\": [\"第一月\", \"第二月\", \"第三月\"]\n    },\n    \"yAxis\": {\n        \"type\": \"value\"\n    },\n    \"series\": [{\n        \"name\": \"鞋子\",\n        \"type\": \"line\",\n        \"data\": [120, 200, 300]\n    },\n    {\n        \"name\": \"衣服\",\n        \"type\": \"line\",\n        \"data\": [500, 450, 480]\n    },\n    {\n        \"name\": \"汽车\",\n        \"type\": \"line\",\n        \"data\": [200000, 100000, 79800]\n    }]\n}\n',
        '\n根据数据分析可得，鞋子价格逐月增长，第三个月涨幅最大；衣服价格有所波动，但整体趋势不明显；汽车价格下降幅度较大，第三个月跌幅最大。\n根据数据分析结论，建议下个月进行鞋子的进货，因为鞋子的价格有明显的增长趋势。衣服的价格趋势不明确，需要观察更多数据。而汽车的价格呈下降趋势，不建议进货。',
        1770428273925709826, '2024-05-12 01:41:33', '2024-05-12 01:41:33', 0);
INSERT INTO `t_chart`
VALUES (1789350443831664641, '商品价格表', '请分析一下各个商品的价格变化率,请使用折线图',
        '商品,第一月份价格,第二月份价格,第三月份价格\n鞋子,120,200,300\n衣服,500,450,480\n汽车,200000,100000,79800\n',
        '折线图',
        '{\n    \"title\": {\n        \"text\": \"商品价格变化率\",\n        \"subtext\": \"\"\n        },\n    \"tooltip\": {\n        \"trigger\": \"axis\",\n        \"axisPointer\": {\n            \"type\": \"line\"\n            }\n    },\n    \"legend\": {\n        \"data\": [\"鞋子\", \"衣服\", \"汽车\"]\n        },\n    \"xAxis\": {\n        \"data\": [\"第一月份\", \"第二月份\", \"第三月份\"]\n    },\n    \"yAxis\": {\n        \"type\": \"value\"\n    },\n    \"series\": [{\n        \"name\": \"鞋子\",\n        \"type\": \"line\",\n        \"data\": [120, 200, 300]\n    },{\n        \"name\": \"衣服\",\n        \"type\": \"line\",\n        \"data\": [500, 450, 480]\n    },{\n        \"name\": \"汽车\",\n        \"type\": \"line\",\n        \"data\": [200000, 100000, 79800]\n    }]\n}\n',
        '\n根据数据分析可得，鞋子价格从第一月份到第三月份增长了150%，衣服价格从第一月份到第三月份下降了4%，汽车价格从第一月份到第三月份下降了60.1%。',
        1770428273925709826, '2024-05-12 01:42:45', '2024-05-12 01:42:45', 0);
INSERT INTO `t_chart`
VALUES (1789350865564737538, '商品价格表', '请分析一下各个商品的价格趋势，将每个商品的价格变化率描绘在图上,请使用折线图',
        '商品,第一月份价格,第二月份价格,第三月份价格\n鞋子,120,200,300\n衣服,500,450,480\n汽车,200000,100000,79800\n',
        '折线图',
        '{\n    \"title\": {\n        \"text\": \"各个商品的价格趋势\",\n        \"subtext\": \"\"\n        },\n    \"tooltip\": {\n        \"trigger\": \"axis\"\n    },\n    \"legend\": {\n        \"data\": [\"鞋子\", \"衣服\", \"汽车\"]\n    },\n    \"xAxis\": {\n        \"type\": \"category\",\n        \"boundaryGap\": false,\n        \"data\": [\"第一月份\", \"第二月份\", \"第三月份\"]\n    },\n    \"yAxis\": {\n        \"type\": \"value\",\n        \"axisLabel\": {\n            \"formatter\": \"{value}\"\n        }\n    },\n    \"series\": [\n        {\n            \"name\": \"鞋子\",\n            \"type\": \"line\",\n            \"data\": [120, 200, 300]\n        },\n        {\n            \"name\": \"衣服\",\n            \"type\": \"line\",\n            \"data\": [500, 450, 480]\n        },\n        {\n            \"name\": \"汽车\",\n            \"type\": \"line\",\n            \"data\": [200000, 100000, 79800]\n        }\n    ]\n}\n',
        '\n根据数据分析可得，鞋子的价格呈逐月上升的趋势，衣服的价格有些波动但整体呈下降趋势，汽车的价格也呈下降趋势。',
        1770428273925709826, '2024-05-12 01:44:26', '2024-05-12 01:44:26', 0);
INSERT INTO `t_chart`
VALUES (1789351848449548289, '商品价格表', '分析一下今年商品价格的变化情况,请使用折线图',
        '商品,1月,2月,3月,4月,5月,6月,7月,8月,9月,10月,11月,12月\n鞋子,120,200,300,120,200,300,120,200,300,120,200,300\n衣服,500,450,480,456,446,436,426,416,406,396,386,376\n汽车,200000,100000,79800,90000,88000,140000,160000,100000,79800,99999,100000,11000\n',
        '折线图',
        '{\n    \"title\": {\n        \"text\": \"今年商品价格变化情况\",\n        \"subtext\": \"\"\n    },\n    \"tooltip\": {\n        \"trigger\": \"axis\"\n    },\n    \"legend\": {\n        \"data\": [\"鞋子\", \"衣服\", \"汽车\"]\n    },\n    \"xAxis\": {\n        \"type\": \"category\",\n        \"data\": [\"1月\", \"2月\", \"3月\", \"4月\", \"5月\", \"6月\", \"7月\", \"8月\", \"9月\", \"10月\", \"11月\", \"12月\"]\n    },\n    \"yAxis\": {\n        \"type\": \"value\",\n        \"name\": \"价格\"\n    },\n    \"series\": [\n        {\n            \"name\": \"鞋子\",\n            \"type\": \"line\",\n            \"data\": [120, 200, 300, 120, 200, 300, 120, 200, 300, 120, 200, 300]\n        },\n        {\n            \"name\": \"衣服\",\n            \"type\": \"line\",\n            \"data\": [500, 450, 480, 456, 446, 436, 426, 416, 406, 396, 386, 376]\n        },\n        {\n            \"name\": \"汽车\",\n            \"type\": \"line\",\n            \"data\": [200000, 100000, 79800, 90000, 88000, 140000, 160000, 100000, 79800, 99999, 100000, 11000]\n        }\n    ]\n}\n',
        '\n根据数据分析可得，今年鞋子、衣服和汽车的价格变化如下：\n- 鞋子的价格在1月、4月、7月和10月下降，其他月份保持稳定。\n- 衣服的价格在前三个月有小幅度波动，之后价格持续下降。\n- 汽车的价格在3月份达到峰值，之后下降并保持相对稳定的状态。汽车价格的波动幅度较大。',
        1770428273925709826, '2024-05-12 01:48:20', '2024-05-12 01:48:20', 0);
INSERT INTO `t_chart`
VALUES (1789530030763139073, '全国近五年人口数据',
        '按照不同指标画出每年人口的变化情况，并且分析数据变化的可能性,请使用折线图',
        '指标,2023年,2022年,2021年,2020年,2019年\n年末总人口(万人),140967,141175,141260,141212,141008\n男性人口(万人),72032,72206,72311,72357,72039\n女性人口(万人),68935,68969,68949,68855,68969\n城镇人口(万人),93267,92071,91425,90220,88426\n乡村人口(万人),47700,49104,49835,50992,52582\n',
        '折线图',
        '{\n    \"title\": {\n        \"text\": \"人口变化情况\",\n        \"subtext\": \"\"\n        },\n    \"tooltip\": {\n        \"trigger\": \"axis\"\n    },\n    \"legend\": {\n        \"data\": [\"年末总人口(万人)\", \"男性人口(万人)\", \"女性人口(万人)\", \"城镇人口(万人)\", \"乡村人口(万人)\"]\n    },\n    \"xAxis\": {\n        \"type\": \"category\",\n        \"data\": [\"2023年\", \"2022年\", \"2021年\", \"2020年\", \"2019年\"]\n    },\n    \"yAxis\": {\n        \"type\": \"value\"\n    },\n    \"series\": [\n        {\n            \"name\": \"年末总人口(万人)\",\n            \"type\": \"line\",\n            \"data\": [140967, 141175, 141260, 141212, 141008]\n        },\n        {\n            \"name\": \"男性人口(万人)\",\n            \"type\": \"line\",\n            \"data\": [72032, 72206, 72311, 72357, 72039]\n        },\n        {\n            \"name\": \"女性人口(万人)\",\n            \"type\": \"line\",\n            \"data\": [68935, 68969, 68949, 68855, 68969]\n        },\n        {\n            \"name\": \"城镇人口(万人)\",\n            \"type\": \"line\",\n            \"data\": [93267, 92071, 91425, 90220, 88426]\n        },\n        {\n            \"name\": \"乡村人口(万人)\",\n            \"type\": \"line\",\n            \"data\": [47700, 49104, 49835, 50992, 52582]\n        }\n    ]\n}\n',
        '\n根据数据分析可得，人口变化情况随着年份的增加而有所波动。然而，总体上可以看出，年末总人口、男性人口、女性人口、城镇人口以及乡村人口维持相对稳定的增长趋势，其中城镇人口增长速度较快。需要进一步观察和分析数据变化的趋势以及可能的原因和影响因素。',
        1770428273925709826, '2024-05-12 13:36:22', '2024-05-12 13:36:22', 0);
INSERT INTO `t_chart`
VALUES (1789530976188620801, '全国近五年人口数量表', '给出每年的增长率，并在图中体现,请使用折线图',
        '指标,2023年,2022年,2021年,2020年,2019年\n年末总人口(万人),140967,141175,141260,141212,141008\n男性人口(万人),72032,72206,72311,72357,72039\n女性人口(万人),68935,68969,68949,68855,68969\n城镇人口(万人),93267,92071,91425,90220,88426\n乡村人口(万人),47700,49104,49835,50992,52582\n',
        '折线图',
        '{\n    \"title\": {\n        \"text\": \"人口增长情况\",\n        \"subtext\": \"\"\n    },\n    \"tooltip\": {\n        \"trigger\": \"axis\",\n        \"axisPointer\": {\n            \"type\": \"cross\"\n        }\n    },\n    \"legend\": {\n        \"data\": [\"年末总人口\", \"男性人口\", \"女性人口\", \"城镇人口\", \"乡村人口\"]\n    },\n    \"xAxis\": {\n        \"type\": \"category\",\n        \"data\": [\"2019年\", \"2020年\", \"2021年\", \"2022年\", \"2023年\"],\n        \"axisPointer\": {\n            \"type\": \"shadow\"\n        }\n    },\n    \"yAxis\": {},\n    \"series\": [\n        {\n            \"name\": \"年末总人口\",\n            \"data\": [141008, 141212, 141260, 141175, 140967],\n            \"type\": \"line\",\n            \"smooth\": true\n        },\n        {\n            \"name\": \"男性人口\",\n            \"data\": [72039, 72357, 72311, 72206, 72032],\n            \"type\": \"line\",\n            \"smooth\": true\n        },\n        {\n            \"name\": \"女性人口\",\n            \"data\": [68969, 68855, 68949, 68969, 68935],\n            \"type\": \"line\",\n            \"smooth\": true\n        },\n        {\n            \"name\": \"城镇人口\",\n            \"data\": [88426, 90220, 91425, 92071, 93267],\n            \"type\": \"line\",\n            \"smooth\": true\n        },\n        {\n            \"name\": \"乡村人口\",\n            \"data\": [52582, 50992, 49835, 49104, 47700],\n            \"type\": \"line\",\n            \"smooth\": true\n        }\n    ]\n}\n',
        '\n根据数据分析可得，从2019年到2023年，年末总人口持续下降，男性人口和城镇人口也呈现下降趋势，而女性人口和乡村人口则呈现上升趋势。',
        1770428273925709826, '2024-05-12 13:40:07', '2024-05-12 13:40:07', 0);
INSERT INTO `t_chart`
VALUES (1789531043968573441, '全国近五年人口数量表', '给出每年的增长率，并在图中体现,请使用柱状图',
        '指标,2023年,2022年,2021年,2020年,2019年\n年末总人口(万人),140967,141175,141260,141212,141008\n男性人口(万人),72032,72206,72311,72357,72039\n女性人口(万人),68935,68969,68949,68855,68969\n城镇人口(万人),93267,92071,91425,90220,88426\n乡村人口(万人),47700,49104,49835,50992,52582\n',
        '柱状图',
        '{\n    \"title\": {\n        \"text\": \"年末总人口增长率\",\n        \"subtext\": \"\"\n    },\n    \"tooltip\": {\n        \"trigger\": \"axis\",\n        \"axisPointer\": {\n            \"type\": \"shadow\"\n        }\n    },\n    \"legend\": {\n        \"data\": [\"增长率\"]\n    },\n    \"xAxis\": {\n        \"type\": \"category\",\n        \"data\": [\"2023年\", \"2022年\", \"2021年\", \"2020年\", \"2019年\"]\n    },\n    \"yAxis\": {\n        \"type\": \"value\",\n        \"axisLabel\": {\n            \"formatter\": \"{value} %\"\n        }\n    },\n    \"series\": [{\n        \"name\": \"增长率\",\n        \"type\": \"bar\",\n        \"data\": [ -0.15, -0.06, 0.05, 0.14, 0.28]\n    }]\n}\n',
        '\n根据数据分析可得，年末总人口的增长率从2023年到2019年分别为-0.15%、-0.06%、0.05%、0.14%、0.28%。',
        1770428273925709826, '2024-05-12 13:40:23', '2024-05-12 13:40:23', 0);
INSERT INTO `t_chart`
VALUES (1789531095634010114, '全国近五年人口数量表', '给出每年的增长率，并在图中体现,请使用饼图',
        '指标,2023年,2022年,2021年,2020年,2019年\n年末总人口(万人),140967,141175,141260,141212,141008\n男性人口(万人),72032,72206,72311,72357,72039\n女性人口(万人),68935,68969,68949,68855,68969\n城镇人口(万人),93267,92071,91425,90220,88426\n乡村人口(万人),47700,49104,49835,50992,52582\n',
        '饼图',
        '{\n    \"title\": {\n        \"text\": \"每年人口增长率\",\n        \"subtext\": \"\"\n    },\n    \"tooltip\": {\n        \"trigger\": \"item\",\n        \"formatter\": \"{a} <br/>{b}: {c}万人\"\n    },\n    \"legend\": {\n        \"orient\": \"vertical\",\n        \"left\": 10,\n        \"data\": [\"年末总人口\", \"男性人口\", \"女性人口\", \"城镇人口\", \"乡村人口\"]\n    },\n    \"series\": [\n        {\n            \"name\": \"人口数\",\n            \"type\": \"pie\",\n            \"radius\": \"55%\",\n            \"center\": [\"50%\", \"60%\"],\n            \"data\": [\n                {\"value\": 140967, \"name\": \"2023年\"},\n                {\"value\": 141175, \"name\": \"2022年\"},\n                {\"value\": 141260, \"name\": \"2021年\"},\n                {\"value\": 141212, \"name\": \"2020年\"},\n                {\"value\": 141008, \"name\": \"2019年\"}\n            ],\n            \"itemStyle\": {\n                \"emphasis\": {\n                    \"shadowBlur\": 10,\n                    \"shadowOffsetX\": 0,\n                    \"shadowColor\": \"rgba(0, 0, 0, 0.5)\"\n                }\n            }\n        }\n    ]\n}\n',
        '\n根据数据分析可得，年末总人口在2020年相较于2019年增长了202人，增长率为0.14%。', 1770428273925709826,
        '2024-05-12 13:40:36', '2024-05-12 13:40:36', 0);
INSERT INTO `t_chart`
VALUES (1789542162430943233, '全国近五年人口数据表', '分析一下每年的人口变化情况,请使用柱状图',
        '指标,2023年,2022年,2021年,2020年,2019年\n年末总人口(万人),140967,141175,141260,141212,141008\n男性人口(万人),72032,72206,72311,72357,72039\n女性人口(万人),68935,68969,68949,68855,68969\n城镇人口(万人),93267,92071,91425,90220,88426\n乡村人口(万人),47700,49104,49835,50992,52582\n',
        '柱状图',
        '{\n    \"title\": {\n        \"text\": \"每年人口变化情况\",\n        \"subtext\": \"\"\n        },\n    \"tooltip\": {\n        \"trigger\": \"axis\",\n        \"axisPointer\": {\n            \"type\": \"shadow\"\n            }\n    },\n    \"legend\": {\n        \"data\": [\"年末总人口\", \"男性人口\", \"女性人口\", \"城镇人口\", \"乡村人口\"]\n        },\n    \"xAxis\": {\n        \"data\": [\"2023年\", \"2022年\", \"2021年\", \"2020年\", \"2019年\"]\n    },\n    \"yAxis\": {},\n    \"series\": [{\n        \"name\": \"年末总人口\",\n        \"type\": \"bar\",\n        \"data\": [140967, 141175, 141260, 141212, 141008]\n    },\n    {\n        \"name\": \"男性人口\",\n        \"type\": \"bar\",\n        \"data\": [72032, 72206, 72311, 72357, 72039]\n    },\n    {\n        \"name\": \"女性人口\",\n        \"type\": \"bar\",\n        \"data\": [68935, 68969, 68949, 68855, 68969]\n    },\n    {\n        \"name\": \"城镇人口\",\n        \"type\": \"bar\",\n        \"data\": [93267, 92071, 91425, 90220, 88426]\n    },\n    {\n        \"name\": \"乡村人口\",\n        \"type\": \"bar\",\n        \"data\": [47700, 49104, 49835, 50992, 52582]\n    }]\n}\n',
        '\n根据数据分析可得，随着时间的推移，年末总人口在2021年达到最高峰，之后有所下降。男性人口和女性人口整体上呈现相似的趋势，城镇人口在过去五年里逐渐增长，而乡村人口则有下降趋势。',
        1770428273925709826, '2024-05-12 14:24:34', '2024-05-12 14:24:34', 0);
INSERT INTO `t_chart`
VALUES (1792162995737407489, '全国人口数量', '可视化每年的人口数据,请使用柱状图',
        '指标,2023年,2022年,2021年,2020年,2019年\n年末总人口(万人),140967,141175,141260,141212,141008\n男性人口(万人),72032,72206,72311,72357,72039\n女性人口(万人),68935,68969,68949,68855,68969\n城镇人口(万人),93267,92071,91425,90220,88426\n乡村人口(万人),47700,49104,49835,50992,52582\n',
        '柱状图',
        '{\n    \"title\": {\n        \"text\": \"每年人口数据\",\n        \"subtext\": \"\"\n    },\n    \"tooltip\": {\n        \"trigger\": \"axis\",\n        \"axisPointer\": {\n            \"type\": \"shadow\"\n        }\n    },\n    \"legend\": {\n        \"data\": [\"2023年\", \"2022年\", \"2021年\", \"2020年\", \"2019年\"]\n    },\n    \"xAxis\": {\n        \"type\": \"category\",\n        \"data\": [\"年末总人口(万人)\", \"男性人口(万人)\", \"女性人口(万人)\", \"城镇人口(万人)\", \"乡村人口(万人)\"]\n    },\n    \"yAxis\": {},\n    \"series\": [\n        {\n            \"name\": \"2023年\",\n            \"type\": \"bar\",\n            \"data\": [140967, 72032, 68935, 93267, 47700]\n        },\n        {\n            \"name\": \"2022年\",\n            \"type\": \"bar\",\n            \"data\": [141175, 72206, 68969, 92071, 49104]\n        },\n        {\n            \"name\": \"2021年\",\n            \"type\": \"bar\",\n            \"data\": [141260, 72311, 68949, 91425, 49835]\n        },\n        {\n            \"name\": \"2020年\",\n            \"type\": \"bar\",\n            \"data\": [141212, 72357, 68855, 90220, 50992]\n        },\n        {\n            \"name\": \"2019年\",\n            \"type\": \"bar\",\n            \"data\": [141008, 72039, 68969, 88426, 52582]\n        }\n    ]\n}\n',
        '\n根据数据分析可得，随着时间的推移，年末总人口呈现基本稳定的态势。其中，男性人口略高于女性人口，并且城镇人口逐年增加，乡村人口逐年减少。',
        1770428273925709826, '2024-05-19 19:58:50', '2024-05-19 19:58:50', 0);
INSERT INTO `t_chart`
VALUES (1792164083454652418, '全国人口数量', '可视化每年的人口数据,请使用柱状图',
        '指标,2023年,2022年,2021年,2020年,2019年\n年末总人口(万人),140967,141175,141260,141212,141008\n男性人口(万人),72032,72206,72311,72357,72039\n女性人口(万人),68935,68969,68949,68855,68969\n城镇人口(万人),93267,92071,91425,90220,88426\n乡村人口(万人),47700,49104,49835,50992,52582\n',
        '柱状图',
        '{\n    \"title\": {\n        \"text\": \"每年人口数据\",\n        \"subtext\": \"\"\n    },\n    \"tooltip\": {\n        \"trigger\": \"axis\",\n        \"axisPointer\": {\n            \"type\": \"shadow\"\n        }\n    },\n    \"legend\": {\n        \"data\": [\n            \"年末总人口\",\n            \"男性人口\",\n            \"女性人口\",\n            \"城镇人口\",\n            \"乡村人口\"\n        ],\n        \"bottom\": 0\n    },\n    \"xAxis\": {\n        \"type\": \"category\",\n        \"data\": [\n            \"2023年\",\n            \"2022年\",\n            \"2021年\",\n            \"2020年\",\n            \"2019年\"\n        ]\n    },\n    \"yAxis\": {\n        \"type\": \"value\"\n    },\n    \"series\": [\n        {\n            \"name\": \"年末总人口\",\n            \"type\": \"bar\",\n            \"data\": [\n                140967,\n                141175,\n                141260,\n                141212,\n                141008\n            ]\n        },\n        {\n            \"name\": \"男性人口\",\n            \"type\": \"bar\",\n            \"data\": [\n                72032,\n                72206,\n                72311,\n                72357,\n                72039\n            ]\n        },\n        {\n            \"name\": \"女性人口\",\n            \"type\": \"bar\",\n            \"data\": [\n                68935,\n                68969,\n                68949,\n                68855,\n                68969\n            ]\n        },\n        {\n            \"name\": \"城镇人口\",\n            \"type\": \"bar\",\n            \"data\": [\n                93267,\n                92071,\n                91425,\n                90220,\n                88426\n            ]\n        },\n        {\n            \"name\": \"乡村人口\",\n            \"type\": \"bar\",\n            \"data\": [\n                47700,\n                49104,\n                49835,\n                50992,\n                52582\n            ]\n        }\n    ]\n}\n',
        '\n根据数据分析可得，年末总人口在过去的五年中保持相对稳定的态势，城镇人口呈现缓慢增长的趋势，而乡村人口呈现缓慢下降的趋势。男性人口和女性人口的数量相对均衡，差距不大。',
        1770428273925709826, '2024-05-19 20:03:09', '2024-05-19 20:03:09', 0);
INSERT INTO `t_chart`
VALUES (1792165040829706241, '全国人口数据', '分析一下城镇人口数据变化,请使用折线图',
        '指标,2023年,2022年,2021年,2020年,2019年\n年末总人口(万人),140967,141175,141260,141212,141008\n男性人口(万人),72032,72206,72311,72357,72039\n女性人口(万人),68935,68969,68949,68855,68969\n城镇人口(万人),93267,92071,91425,90220,88426\n乡村人口(万人),47700,49104,49835,50992,52582\n',
        '折线图',
        '{\n    \"title\": {\n        \"text\": \"城镇人口变化\",\n        \"subtext\": \"\"\n    },\n    \"tooltip\": {\n        \"trigger\": \"axis\"\n    },\n    \"legend\": {\n        \"data\": [\"年末总人口(万人)\", \"男性人口(万人)\", \"女性人口(万人)\", \"城镇人口(万人)\", \"乡村人口(万人)\"],\n        \"bottom\": 0\n    },\n    \"xAxis\": {\n        \"type\": \"category\",\n        \"data\": [\"2023年\", \"2022年\", \"2021年\", \"2020年\", \"2019年\"]\n    },\n    \"yAxis\": {\n        \"type\": \"value\"\n    },\n    \"series\": [\n        {\n            \"name\": \"年末总人口(万人)\",\n            \"type\": \"line\",\n            \"data\": [140967, 141175, 141260, 141212, 141008]\n        },\n        {\n            \"name\": \"男性人口(万人)\",\n            \"type\": \"line\",\n            \"data\": [72032, 72206, 72311, 72357, 72039]\n        },\n        {\n            \"name\": \"女性人口(万人)\",\n            \"type\": \"line\",\n            \"data\": [68935, 68969, 68949, 68855, 68969]\n        },\n        {\n            \"name\": \"城镇人口(万人)\",\n            \"type\": \"line\",\n            \"data\": [93267, 92071, 91425, 90220, 88426]\n        },\n        {\n            \"name\": \"乡村人口(万人)\",\n            \"type\": \"line\",\n            \"data\": [47700, 49104, 49835, 50992, 52582]\n        }\n    ]\n}\n',
        '\n根据城镇人口数据变化折线图可以看出，城镇人口数量逐年递增，年末总人口、男性人口和女性人口总体上也呈现增长趋势。乡村人口数量则呈现逐年减少的趋势。',
        1770428273925709826, '2024-05-19 20:06:57', '2024-05-21 16:02:42', 0);
INSERT INTO `t_chart`
VALUES (1792193304096878594, '全国人口数量', '分析全国人口变化情况,请使用柱状图',
        '指标,2023年,2022年,2021年,2020年,2019年\n年末总人口(万人),140967,141175,141260,141212,141008\n男性人口(万人),72032,72206,72311,72357,72039\n女性人口(万人),68935,68969,68949,68855,68969\n城镇人口(万人),93267,92071,91425,90220,88426\n乡村人口(万人),47700,49104,49835,50992,52582\n',
        '柱状图',
        '{\n    \"title\": {\n        \"text\": \"全国人口变化情况\",\n        \"subtext\": \"\"\n        },\n    \"tooltip\": {\n        \"trigger\": \"axis\",\n        \"axisPointer\": {\n            \"type\": \"shadow\"\n            }\n    },\n    \"legend\": {\n        \"data\": [\"2023年\", \"2022年\", \"2021年\", \"2020年\", \"2019年\"],\n        \"bottom\": 0\n        },\n    \"xAxis\": {\n        \"type\": \"category\",\n        \"data\": [\"年末总人口(万人)\", \"男性人口(万人)\", \"女性人口(万人)\", \"城镇人口(万人)\", \"乡村人口(万人)\"]\n    },\n    \"yAxis\": {},\n    \"series\": [\n        {\n            \"name\": \"2023年\",\n            \"type\": \"bar\",\n            \"data\": [140967, 72032, 68935, 93267, 47700]\n        },\n        {\n            \"name\": \"2022年\",\n            \"type\": \"bar\",\n            \"data\": [141175, 72206, 68969, 92071, 49104]\n        },\n        {\n            \"name\": \"2021年\",\n            \"type\": \"bar\",\n            \"data\": [141260, 72311, 68949, 91425, 49835]\n        },\n        {\n            \"name\": \"2020年\",\n            \"type\": \"bar\",\n            \"data\": [141212, 72357, 68855, 90220, 50992]\n        },\n        {\n            \"name\": \"2019年\",\n            \"type\": \"bar\",\n            \"data\": [141008, 72039, 68969, 88426, 52582]\n        }\n    ],\n    \"toolbox\": {\n        \"feature\": {\n            \"saveAsImage\": {}\n        }\n    }\n}\n',
        '\n通过柱状图可以清楚地看到全国人口在过去几年较为稳定，年末总人口、男性人口、女性人口、城镇人口都有不同程度的增长趋势，而乡村人口有持续性减少的趋势。',
        1770428273925709826, '2024-05-19 21:59:16', '2024-05-19 21:59:16', 0);
INSERT INTO `t_chart`
VALUES (1792801185976438785, '全国人口普查情况', '分析一下近三年的人口情况,请使用柱状图',
        '指标,2023年,2022年,2021年,2020年,2019年\n年末总人口(万人),140967,141175,141260,141212,141008\n男性人口(万人),72032,72206,72311,72357,72039\n女性人口(万人),68935,68969,68949,68855,68969\n城镇人口(万人),93267,92071,91425,90220,88426\n乡村人口(万人),47700,49104,49835,50992,52582\n',
        '柱状图',
        '{\n    \"title\": {\n        \"text\": \"近三年人口情况\",\n        \"subtext\": \"\"\n    },\n    \"tooltip\": {\n        \"trigger\": \"axis\",\n        \"axisPointer\": {\n            \"type\": \"shadow\"\n        }\n    },\n    \"legend\": {\n        \"bottom\": 0,\n        \"data\": [\"年末总人口(万人)\", \"男性人口(万人)\", \"女性人口(万人)\", \"城镇人口(万人)\", \"乡村人口(万人)\"]\n    },\n    \"xAxis\": {\n        \"type\": \"category\",\n        \"data\": [\"2023年\", \"2022年\", \"2021年\", \"2020年\", \"2019年\"]\n    },\n    \"yAxis\": {\n        \"type\": \"value\"\n    },\n    \"series\": [\n        {\n            \"name\": \"年末总人口(万人)\",\n            \"type\": \"bar\",\n            \"data\": [140967, 141175, 141260, 141212, 141008]\n        },\n        {\n            \"name\": \"男性人口(万人)\",\n            \"type\": \"bar\",\n            \"data\": [72032, 72206, 72311, 72357, 72039]\n        },\n        {\n            \"name\": \"女性人口(万人)\",\n            \"type\": \"bar\",\n            \"data\": [68935, 68969, 68949, 68855, 68969]\n        },\n        {\n            \"name\": \"城镇人口(万人)\",\n            \"type\": \"bar\",\n            \"data\": [93267, 92071, 91425, 90220, 88426]\n        },\n        {\n            \"name\": \"乡村人口(万人)\",\n            \"type\": \"bar\",\n            \"data\": [47700, 49104, 49835, 50992, 52582]\n        }\n    ],\n    \"toolbox\": {\n        \"feature\": {\n            \"saveAsImage\": {}\n        }\n    }\n}\n',
        '\n根据数据分析可以得出近三年的人口情况如下：\n- 年末总人口在2021年达到最高点，之后有小幅下降。\n- 男性人口多于女性人口，但两者都呈现出逐年增长的趋势。\n- 城镇人口和乡村人口都在逐年增加，但城镇人口增长的速度更快。\n- 可以预期未来城镇人口比例将继续增加，乡村人口比例将继续下降。',
        1770428273925709826, '2024-05-21 14:14:46', '2024-05-21 14:14:46', 0);
INSERT INTO `t_chart`
VALUES (1792802092529111041, '全国人口普查情况',
        '请分析近三年的人口变化情况，并且仅仅只将近三年的数据展示在图表中,请使用柱状图',
        '指标,2023年,2022年,2021年,2020年,2019年\n年末总人口(万人),140967,141175,141260,141212,141008\n男性人口(万人),72032,72206,72311,72357,72039\n女性人口(万人),68935,68969,68949,68855,68969\n城镇人口(万人),93267,92071,91425,90220,88426\n乡村人口(万人),47700,49104,49835,50992,52582\n',
        '柱状图',
        '{\n    \"title\": {\n        \"text\": \"近三年人口变化情况\",\n        \"subtext\": \"\"\n        },\n    \"tooltip\": {\n        \"trigger\": \"axis\",\n        \"axisPointer\": {\n            \"type\": \"shadow\"\n            }\n    },\n    \"toolbox\": {\n        \"feature\": {\n            \"saveAsImage\": {}\n        }\n    },\n    \"legend\": {\n        \"bottom\": 0,\n        \"data\": [\"年末总人口\", \"男性人口\", \"女性人口\", \"城镇人口\", \"乡村人口\"]\n        },\n    \"xAxis\": {\n        \"data\": [\"2021年\", \"2022年\", \"2023年\"]\n    },\n    \"yAxis\": {},\n    \"series\": [{\n        \"name\": \"年末总人口(万人)\",\n        \"type\": \"bar\",\n        \"data\": [141260, 141175, 140967]\n    }, {\n        \"name\": \"男性人口(万人)\",\n        \"type\": \"bar\",\n        \"data\": [72311, 72206, 72032]\n    }, {\n        \"name\": \"女性人口(万人)\",\n        \"type\": \"bar\",\n        \"data\": [68949, 68969, 68935]\n    }, {\n        \"name\": \"城镇人口(万人)\",\n        \"type\": \"bar\",\n        \"data\": [91425, 92071, 93267]\n    }, {\n        \"name\": \"乡村人口(万人)\",\n        \"type\": \"bar\",\n        \"data\": [49835, 49104, 47700]\n    }]\n}\n',
        '\n根据近三年的数据分析可得，年末总人口呈现缓慢下降趋势，男性和女性人口总体保持平稳。城镇人口呈现增长趋势，而乡村人口呈现下降趋势。',
        1770428273925709826, '2024-05-21 14:18:22', '2024-05-21 15:58:41', 0);

-- ----------------------------
-- Table structure for t_file
-- ----------------------------
DROP TABLE IF EXISTS `t_file`;
CREATE TABLE `t_file`
(
    `file_id`       bigint                                                        NOT NULL COMMENT 'id',
    `file_name`     varchar(100) CHARACTER SET utf8mb4 COLLATE utf8mb4_general_ci NOT NULL COMMENT '文件名称',
    `file_url`      varchar(255) CHARACTER SET utf8mb4 COLLATE utf8mb4_general_ci NOT NULL COMMENT '文件地址',
    `file_suffix`   varchar(100) CHARACTER SET utf8mb4 COLLATE utf8mb4_general_ci NOT NULL COMMENT '文件格式',
    `file_user_id`  bigint                                                        NOT NULL COMMENT '用户id',
    `file_chart_id` bigint                                                        NOT NULL COMMENT '图表id',
    `create_time`   timestamp                                                     NOT NULL DEFAULT CURRENT_TIMESTAMP COMMENT '创建时间',
    `update_time`   timestamp                                                     NOT NULL DEFAULT CURRENT_TIMESTAMP ON UPDATE CURRENT_TIMESTAMP COMMENT '更新时间',
    `is_deleted`    tinyint                                                       NOT NULL DEFAULT 0 COMMENT '是否删除',
    PRIMARY KEY (`file_id`) USING BTREE
) ENGINE = InnoDB
  CHARACTER SET = utf8mb4
  COLLATE = utf8mb4_general_ci
  ROW_FORMAT = Dynamic;

-- ----------------------------
-- Records of t_file
-- ----------------------------

-- ----------------------------
-- Table structure for t_operation
-- ----------------------------
DROP TABLE IF EXISTS `t_operation`;
CREATE TABLE `t_operation`
(
    `operation_id`           bigint                                                        NOT NULL COMMENT 'id',
    `operation_api`          varchar(255) CHARACTER SET utf8mb4 COLLATE utf8mb4_general_ci NOT NULL COMMENT '操作接口',
    `operation_user_id`      bigint                                                        NOT NULL COMMENT '操作人ID',
    `operation_user_account` varchar(64) CHARACTER SET utf8mb4 COLLATE utf8mb4_general_ci  NOT NULL COMMENT '操作人账号',
    `operation_description`  varchar(500) CHARACTER SET utf8mb4 COLLATE utf8mb4_general_ci NULL     DEFAULT NULL COMMENT '操作描述',
    `create_time`            timestamp                                                     NOT NULL DEFAULT CURRENT_TIMESTAMP COMMENT '创建时间',
    `update_time`            timestamp                                                     NOT NULL DEFAULT CURRENT_TIMESTAMP ON UPDATE CURRENT_TIMESTAMP COMMENT '更新时间',
    `is_deleted`             tinyint                                                       NOT NULL DEFAULT 0 COMMENT '是否删除',
    PRIMARY KEY (`operation_id`) USING BTREE
) ENGINE = InnoDB
  CHARACTER SET = utf8mb4
  COLLATE = utf8mb4_general_ci
  ROW_FORMAT = Dynamic;

-- ----------------------------
-- Records of t_operation
-- ----------------------------
INSERT INTO `t_operation`
VALUES (1791815101553516545, '/auth/login', 1770428273925709826, 'admin',
        '用户已经登录[id=1770428273925709826，账号=admin]', '2024-05-18 20:56:25', '2024-05-21 14:19:55', 0);
INSERT INTO `t_operation`
VALUES (1791854396419063809, '/auth/login', 1770428273925709826, 'admin',
        '用户已经登录[id=1770428273925709826，账号=admin]', '2024-05-18 23:32:33', '2024-05-21 14:19:55', 0);
INSERT INTO `t_operation`
VALUES (1791854547451756546, '/admin/page', 1770428273925709826, 'admin', '管理员分页查询用户信息',
        '2024-05-18 23:33:09', '2024-05-21 14:19:55', 0);
INSERT INTO `t_operation`
VALUES (1791854598383190017, '/admin/export', 1770428273925709826, 'admin', '导出用户表格', '2024-05-18 23:33:21',
        '2024-05-21 14:19:55', 0);
INSERT INTO `t_operation`
VALUES (1792018258191659010, '/auth/login', 1770428273925709826, 'admin',
        '用户已经登录[id=1770428273925709826，账号=admin]', '2024-05-19 10:23:41', '2024-05-21 14:19:55', 0);
INSERT INTO `t_operation`
VALUES (1792019090173800449, '/chart/page', 1770428273925709826, 'admin',
        '分页获取当前用户[id=1770428273925709826]创建的资源列表', '2024-05-19 10:26:59', '2024-05-21 14:19:55', 0);
INSERT INTO `t_operation`
VALUES (1792020945696141313, '/chart/page', 1770428273925709826, 'admin',
        '分页获取当前用户[id=1770428273925709826]创建的资源列表', '2024-05-19 10:34:22', '2024-05-21 14:19:55', 0);
INSERT INTO `t_operation`
VALUES (1792020955896688642, '/admin/page', 1770428273925709826, 'admin', '管理员分页查询用户信息',
        '2024-05-19 10:34:24', '2024-05-21 14:19:55', 0);
INSERT INTO `t_operation`
VALUES (1792020967938535425, '/admin/page', 1770428273925709826, 'admin', '管理员分页查询用户信息',
        '2024-05-19 10:34:27', '2024-05-21 14:19:55', 0);
INSERT INTO `t_operation`
VALUES (1792020973957361665, '/admin/page', 1770428273925709826, 'admin', '管理员分页查询用户信息',
        '2024-05-19 10:34:28', '2024-05-21 14:19:55', 0);
INSERT INTO `t_operation`
VALUES (1792020977396690946, '/admin/page', 1770428273925709826, 'admin', '管理员分页查询用户信息',
        '2024-05-19 10:34:29', '2024-05-21 14:19:55', 0);
INSERT INTO `t_operation`
VALUES (1792020984518619137, '/admin/page', 1770428273925709826, 'admin', '管理员分页查询用户信息',
        '2024-05-19 10:34:31', '2024-05-21 14:19:55', 0);
INSERT INTO `t_operation`
VALUES (1792021105054527489, '/chart/page', 1770428273925709826, 'admin',
        '分页获取当前用户[id=1770428273925709826]创建的资源列表', '2024-05-19 10:35:00', '2024-05-21 14:19:55', 0);
INSERT INTO `t_operation`
VALUES (1792069749828902913, '/auth/login', 1770428273925709826, 'admin',
        '用户已经登录[id=1770428273925709826，账号=admin]', '2024-05-19 13:48:18', '2024-05-21 14:19:55', 0);
INSERT INTO `t_operation`
VALUES (1792071224604962818, '/operation/page', 1770428273925709826, 'admin', '管理员分页查询操作日志信息',
        '2024-05-19 13:54:09', '2024-05-21 14:19:55', 0);
INSERT INTO `t_operation`
VALUES (1792071522287345666, '/operation/page', 1770428273925709826, 'admin', '管理员分页查询操作日志信息',
        '2024-05-19 13:55:20', '2024-05-21 14:19:55', 0);
INSERT INTO `t_operation`
VALUES (1792071550787641345, '/operation/page', 1770428273925709826, 'admin', '管理员分页查询操作日志信息',
        '2024-05-19 13:55:27', '2024-05-21 14:19:55', 0);
INSERT INTO `t_operation`
VALUES (1792071732384227330, '/operation/page', 1770428273925709826, 'admin', '管理员分页查询操作日志信息',
        '2024-05-19 13:56:10', '2024-05-21 14:19:55', 0);
INSERT INTO `t_operation`
VALUES (1792071757763960833, '/operation/page', 1770428273925709826, 'admin', '管理员分页查询操作日志信息',
        '2024-05-19 13:56:16', '2024-05-21 14:19:55', 0);
INSERT INTO `t_operation`
VALUES (1792072068180176897, '/operation/page', 1770428273925709826, 'admin', '管理员分页查询操作日志信息',
        '2024-05-19 13:57:30', '2024-05-21 14:19:55', 0);
INSERT INTO `t_operation`
VALUES (1792072099520016385, '/operation/page', 1770428273925709826, 'admin', '管理员分页查询操作日志信息',
        '2024-05-19 13:57:38', '2024-05-21 14:19:55', 0);
INSERT INTO `t_operation`
VALUES (1792072416622006273, '/operation/page', 1770428273925709826, 'admin', '管理员分页查询操作日志信息',
        '2024-05-19 13:58:54', '2024-05-21 14:19:55', 0);
INSERT INTO `t_operation`
VALUES (1792072966855917570, '/operation/page', 1770428273925709826, 'admin', '管理员分页查询操作日志信息',
        '2024-05-19 14:01:05', '2024-05-21 14:19:55', 0);
INSERT INTO `t_operation`
VALUES (1792073234490298370, '/operation/page', 1770428273925709826, 'admin', '管理员分页查询操作日志信息',
        '2024-05-19 14:02:09', '2024-05-21 14:19:55', 0);
INSERT INTO `t_operation`
VALUES (1792073622761213953, '/operation/page', 1770428273925709826, 'admin', '管理员分页查询操作日志信息',
        '2024-05-19 14:03:41', '2024-05-21 14:19:55', 0);
INSERT INTO `t_operation`
VALUES (1792085969454223361, '/auth/login', 1770428273925709826, 'admin',
        '用户已经登录[id=1770428273925709826，账号=admin]', '2024-05-19 14:52:45', '2024-05-21 14:19:55', 0);
INSERT INTO `t_operation`
VALUES (1792086021409067010, '/admin/page', 1770428273925709826, 'admin', '管理员分页查询用户信息',
        '2024-05-19 14:52:57', '2024-05-21 14:19:55', 0);
INSERT INTO `t_operation`
VALUES (1792088263516188674, '/auth/logout', 1770428273925709826, 'admin',
        '用户已经退出[id=1770428273925709826，账号=admin]', '2024-05-19 15:01:52', '2024-05-21 14:19:55', 0);
INSERT INTO `t_operation`
VALUES (1792088313763950593, '/auth/login', 1770428273925709826, 'admin',
        '用户已经登录[id=1770428273925709826，账号=admin]', '2024-05-19 15:02:04', '2024-05-21 14:19:55', 0);
INSERT INTO `t_operation`
VALUES (1792088316309893121, '/admin/page', 1770428273925709826, 'admin', '管理员分页查询用户信息',
        '2024-05-19 15:02:04', '2024-05-21 14:19:55', 0);
INSERT INTO `t_operation`
VALUES (1792088415215775745, '/auth/logout', 1770428273925709826, 'admin',
        '用户已经退出[id=1770428273925709826，账号=admin]', '2024-05-19 15:02:28', '2024-05-21 14:19:55', 0);
INSERT INTO `t_operation`
VALUES (1792088502532796418, '/auth/login', 1770428273925709826, 'admin',
        '用户已经登录[id=1770428273925709826，账号=admin]', '2024-05-19 15:02:49', '2024-05-21 14:19:55', 0);
INSERT INTO `t_operation`
VALUES (1792088617586749441, '/auth/login', 1770428273925709826, 'admin',
        '用户已经登录[id=1770428273925709826，账号=admin]', '2024-05-19 15:03:16', '2024-05-21 14:19:55', 0);
INSERT INTO `t_operation`
VALUES (1792088633931952130, '/operation/page', 1770428273925709826, 'admin', '管理员分页查询操作日志信息',
        '2024-05-19 15:03:20', '2024-05-21 14:19:55', 0);
INSERT INTO `t_operation`
VALUES (1792091145565081602, '/auth/login', 1770428273925709826, 'admin',
        '用户已经登录[id=1770428273925709826，账号=admin]', '2024-05-19 15:13:19', '2024-05-21 14:19:55', 0);
INSERT INTO `t_operation`
VALUES (1792091149067325441, '/admin/page', 1770428273925709826, 'admin', '管理员分页查询用户信息',
        '2024-05-19 15:13:20', '2024-05-21 14:19:55', 0);
INSERT INTO `t_operation`
VALUES (1792091504404566017, '/admin/page', 1770428273925709826, 'admin', '管理员分页查询用户信息',
        '2024-05-19 15:14:44', '2024-05-21 14:19:55', 0);
INSERT INTO `t_operation`
VALUES (1792091510670856193, '/admin/page', 1770428273925709826, 'admin', '管理员分页查询用户信息',
        '2024-05-19 15:14:46', '2024-05-21 14:19:55', 0);
INSERT INTO `t_operation`
VALUES (1792091524411396097, '/chart/page', 1770428273925709826, 'admin',
        '分页获取当前用户[id=1770428273925709826]创建的资源列表', '2024-05-19 15:14:49', '2024-05-21 14:19:55', 0);
INSERT INTO `t_operation`
VALUES (1792092254685859841, '/auth/login', 1770428273925709826, 'admin',
        '用户已经登录[id=1770428273925709826，账号=admin]', '2024-05-19 15:17:43', '2024-05-21 14:19:55', 0);
INSERT INTO `t_operation`
VALUES (1792092328669188098, '/operation/page', 1770428273925709826, 'admin', '管理员分页查询操作日志信息',
        '2024-05-19 15:18:01', '2024-05-21 14:19:55', 0);
INSERT INTO `t_operation`
VALUES (1792092376148709377, '/operation/page', 1770428273925709826, 'admin', '管理员分页查询操作日志信息',
        '2024-05-19 15:18:12', '2024-05-21 14:19:55', 0);
INSERT INTO `t_operation`
VALUES (1792092414954409985, '/operation/page', 1770428273925709826, 'admin', '管理员分页查询操作日志信息',
        '2024-05-19 15:18:21', '2024-05-21 14:19:55', 0);
INSERT INTO `t_operation`
VALUES (1792158461027889153, '/auth/login', 1770428273925709826, 'admin',
        '用户已经登录[id=1770428273925709826，账号=admin]', '2024-05-19 19:40:48', '2024-05-21 14:19:55', 0);
INSERT INTO `t_operation`
VALUES (1792159004509024258, '/chart/page', 1770428273925709826, 'admin',
        '分页获取当前用户[id=1770428273925709826]创建的资源列表', '2024-05-19 19:42:58', '2024-05-21 14:19:55', 0);
INSERT INTO `t_operation`
VALUES (1792162995930345473, '/chart/gen', 1770428273925709826, 'admin', '用户[id=1770428273925709826]执行智能分析操作',
        '2024-05-19 19:58:49', '2024-05-21 14:19:55', 0);
INSERT INTO `t_operation`
VALUES (1792164083454652419, '/chart/gen', 1770428273925709826, 'admin', '用户[id=1770428273925709826]执行智能分析操作',
        '2024-05-19 20:03:08', '2024-05-21 14:19:55', 0);
INSERT INTO `t_operation`
VALUES (1792164099724357634, '/chart/page', 1770428273925709826, 'admin',
        '分页获取当前用户[id=1770428273925709826]创建的资源列表', '2024-05-19 20:03:12', '2024-05-21 14:19:55', 0);
INSERT INTO `t_operation`
VALUES (1792164181072883714, '/chart/page', 1770428273925709826, 'admin',
        '分页获取当前用户[id=1770428273925709826]创建的资源列表', '2024-05-19 20:03:32', '2024-05-21 14:19:55', 0);
INSERT INTO `t_operation`
VALUES (1792164535969722370, '/admin/page', 1770428273925709826, 'admin', '管理员分页查询用户信息',
        '2024-05-19 20:04:56', '2024-05-21 14:19:55', 0);
INSERT INTO `t_operation`
VALUES (1792164554969919489, '/admin/page', 1770428273925709826, 'admin', '管理员分页查询用户信息',
        '2024-05-19 20:05:01', '2024-05-21 14:19:55', 0);
INSERT INTO `t_operation`
VALUES (1792164560279908353, '/admin/page', 1770428273925709826, 'admin', '管理员分页查询用户信息',
        '2024-05-19 20:05:02', '2024-05-21 14:19:55', 0);
INSERT INTO `t_operation`
VALUES (1792164603393159170, '/chart/page', 1770428273925709826, 'admin',
        '分页获取当前用户[id=1770428273925709826]创建的资源列表', '2024-05-19 20:05:12', '2024-05-21 14:19:55', 0);
INSERT INTO `t_operation`
VALUES (1792164671009533954, '/admin/page', 1770428273925709826, 'admin', '管理员分页查询用户信息',
        '2024-05-19 20:05:29', '2024-05-21 14:19:55', 0);
INSERT INTO `t_operation`
VALUES (1792164678391508993, '/chart/page', 1770428273925709826, 'admin',
        '分页获取当前用户[id=1770428273925709826]创建的资源列表', '2024-05-19 20:05:30', '2024-05-21 14:19:55', 0);
INSERT INTO `t_operation`
VALUES (1792165040829706242, '/chart/gen', 1770428273925709826, 'admin', '用户[id=1770428273925709826]执行智能分析操作',
        '2024-05-19 20:06:57', '2024-05-21 14:19:55', 0);
INSERT INTO `t_operation`
VALUES (1792165072656084993, '/chart/page', 1770428273925709826, 'admin',
        '分页获取当前用户[id=1770428273925709826]创建的资源列表', '2024-05-19 20:07:04', '2024-05-21 14:19:55', 0);
INSERT INTO `t_operation`
VALUES (1792165149130829826, '/chart/page', 1770428273925709826, 'admin',
        '分页获取当前用户[id=1770428273925709826]创建的资源列表', '2024-05-19 20:07:23', '2024-05-21 14:19:55', 0);
INSERT INTO `t_operation`
VALUES (1792165253292175362, '/chart/page', 1770428273925709826, 'admin',
        '分页获取当前用户[id=1770428273925709826]创建的资源列表', '2024-05-19 20:07:47', '2024-05-21 14:19:55', 0);
INSERT INTO `t_operation`
VALUES (1792165255125086209, '/admin/page', 1770428273925709826, 'admin', '管理员分页查询用户信息',
        '2024-05-19 20:07:48', '2024-05-21 14:19:55', 0);
INSERT INTO `t_operation`
VALUES (1792165322208784385, '/admin/page', 1770428273925709826, 'admin', '管理员分页查询用户信息',
        '2024-05-19 20:08:04', '2024-05-21 14:19:55', 0);
INSERT INTO `t_operation`
VALUES (1792165323324469250, '/admin/page', 1770428273925709826, 'admin', '管理员分页查询用户信息',
        '2024-05-19 20:08:04', '2024-05-21 14:19:55', 0);
INSERT INTO `t_operation`
VALUES (1792165332551938050, '/admin/page', 1770428273925709826, 'admin', '管理员分页查询用户信息',
        '2024-05-19 20:08:06', '2024-05-21 14:19:55', 0);
INSERT INTO `t_operation`
VALUES (1792187680197914626, '/auth/login', 1770428273925709826, 'admin',
        '用户已经登录[id=1770428273925709826，账号=admin]', '2024-05-19 21:36:54', '2024-05-21 14:19:55', 0);
INSERT INTO `t_operation`
VALUES (1792187681846276097, '/admin/page', 1770428273925709826, 'admin', '管理员分页查询用户信息',
        '2024-05-19 21:36:55', '2024-05-21 14:19:55', 0);
INSERT INTO `t_operation`
VALUES (1792193304172376066, '/chart/gen', 1770428273925709826, 'admin', '用户[id=1770428273925709826]执行智能分析操作',
        '2024-05-19 21:59:15', '2024-05-21 14:19:55', 0);
INSERT INTO `t_operation`
VALUES (1792193340134338561, '/chart/page', 1770428273925709826, 'admin',
        '分页获取当前用户[id=1770428273925709826]创建的资源列表', '2024-05-19 21:59:24', '2024-05-21 14:19:55', 0);
INSERT INTO `t_operation`
VALUES (1792193364121563138, '/chart/page', 1770428273925709826, 'admin',
        '分页获取当前用户[id=1770428273925709826]创建的资源列表', '2024-05-19 21:59:30', '2024-05-21 14:19:55', 0);
INSERT INTO `t_operation`
VALUES (1792193598142754818, '/chart/page', 1770428273925709826, 'admin',
        '分页获取当前用户[id=1770428273925709826]创建的资源列表', '2024-05-19 22:00:25', '2024-05-21 14:19:55', 0);
INSERT INTO `t_operation`
VALUES (1792195478193385474, '/chart/page', 1770428273925709826, 'admin',
        '分页获取当前用户[id=1770428273925709826]创建的资源列表', '2024-05-19 22:07:54', '2024-05-21 14:19:55', 0);
INSERT INTO `t_operation`
VALUES (1792198781719490562, '/admin/page', 1770428273925709826, 'admin', '管理员分页查询用户信息',
        '2024-05-19 22:21:01', '2024-05-21 14:19:55', 0);
INSERT INTO `t_operation`
VALUES (1792198788145164289, '/admin/page', 1770428273925709826, 'admin', '管理员分页查询用户信息',
        '2024-05-19 22:21:03', '2024-05-21 14:19:55', 0);
INSERT INTO `t_operation`
VALUES (1792198797439741953, '/admin/page', 1770428273925709826, 'admin', '管理员分页查询用户信息',
        '2024-05-19 22:21:05', '2024-05-21 14:19:55', 0);
INSERT INTO `t_operation`
VALUES (1792198802586152962, '/admin/page', 1770428273925709826, 'admin', '管理员分页查询用户信息',
        '2024-05-19 22:21:06', '2024-05-21 14:19:55', 0);
INSERT INTO `t_operation`
VALUES (1792198811234807809, '/chart/page', 1770428273925709826, 'admin',
        '分页获取当前用户[id=1770428273925709826]创建的资源列表', '2024-05-19 22:21:08', '2024-05-21 14:19:55', 0);
INSERT INTO `t_operation`
VALUES (1792198826502074369, '/admin/page', 1770428273925709826, 'admin', '管理员分页查询用户信息',
        '2024-05-19 22:21:12', '2024-05-21 14:19:55', 0);
INSERT INTO `t_operation`
VALUES (1792553930862252033, '/auth/login', 1770428273925709826, 'admin',
        '用户已经登录[id=1770428273925709826，账号=admin]', '2024-05-20 21:52:15', '2024-05-21 14:19:55', 0);
INSERT INTO `t_operation`
VALUES (1792553954467794946, '/chart/page', 1770428273925709826, 'admin',
        '分页获取当前用户[id=1770428273925709826]创建的资源列表', '2024-05-20 21:52:21', '2024-05-21 14:19:55', 0);
INSERT INTO `t_operation`
VALUES (1792554026995699713, '/chart/page', 1770428273925709826, 'admin',
        '分页获取当前用户[id=1770428273925709826]创建的资源列表', '2024-05-20 21:52:38', '2024-05-21 14:19:55', 0);
INSERT INTO `t_operation`
VALUES (1792554035896012802, '/chart/page', 1770428273925709826, 'admin',
        '分页获取当前用户[id=1770428273925709826]创建的资源列表', '2024-05-20 21:52:40', '2024-05-21 14:19:55', 0);
INSERT INTO `t_operation`
VALUES (1792554045521940482, '/chart/page', 1770428273925709826, 'admin',
        '分页获取当前用户[id=1770428273925709826]创建的资源列表', '2024-05-20 21:52:43', '2024-05-21 14:19:55', 0);
INSERT INTO `t_operation`
VALUES (1792554052589342721, '/chart/page', 1770428273925709826, 'admin',
        '分页获取当前用户[id=1770428273925709826]创建的资源列表', '2024-05-20 21:52:44', '2024-05-21 14:19:55', 0);
INSERT INTO `t_operation`
VALUES (1792554062156550145, '/chart/page', 1770428273925709826, 'admin',
        '分页获取当前用户[id=1770428273925709826]创建的资源列表', '2024-05-20 21:52:47', '2024-05-21 14:19:55', 0);
INSERT INTO `t_operation`
VALUES (1792554067126800386, '/chart/page', 1770428273925709826, 'admin',
        '分页获取当前用户[id=1770428273925709826]创建的资源列表', '2024-05-20 21:52:48', '2024-05-21 14:19:55', 0);
INSERT INTO `t_operation`
VALUES (1792554123842179073, '/chart/page', 1770428273925709826, 'admin',
        '分页获取当前用户[id=1770428273925709826]创建的资源列表', '2024-05-20 21:53:01', '2024-05-21 14:19:55', 0);
INSERT INTO `t_operation`
VALUES (1792555448520822785, '/chart/page', 1770428273925709826, 'admin',
        '分页获取当前用户[id=1770428273925709826]创建的资源列表', '2024-05-20 21:58:17', '2024-05-21 14:19:55', 0);
INSERT INTO `t_operation`
VALUES (1792555791048658946, '/chart/page', 1770428273925709826, 'admin',
        '分页获取当前用户[id=1770428273925709826]创建的资源列表', '2024-05-20 21:59:39', '2024-05-21 14:19:55', 0);
INSERT INTO `t_operation`
VALUES (1792555811227455490, '/chart/page', 1770428273925709826, 'admin',
        '分页获取当前用户[id=1770428273925709826]创建的资源列表', '2024-05-20 21:59:44', '2024-05-21 14:19:55', 0);
INSERT INTO `t_operation`
VALUES (1792556607276994561, '/chart/page', 1770428273925709826, 'admin',
        '分页获取当前用户[id=1770428273925709826]创建的资源列表', '2024-05-20 22:02:53', '2024-05-21 14:19:55', 0);
INSERT INTO `t_operation`
VALUES (1792557020826980354, '/chart/page', 1770428273925709826, 'admin',
        '分页获取当前用户[id=1770428273925709826]创建的资源列表', '2024-05-20 22:04:32', '2024-05-21 14:19:55', 0);
INSERT INTO `t_operation`
VALUES (1792557074501488642, '/chart/page', 1770428273925709826, 'admin',
        '分页获取当前用户[id=1770428273925709826]创建的资源列表', '2024-05-20 22:04:45', '2024-05-21 14:19:55', 0);
INSERT INTO `t_operation`
VALUES (1792557522742562817, '/chart/page', 1770428273925709826, 'admin',
        '分页获取当前用户[id=1770428273925709826]创建的资源列表', '2024-05-20 22:06:32', '2024-05-21 14:19:55', 0);
INSERT INTO `t_operation`
VALUES (1792558640839151617, '/chart/page', 1770428273925709826, 'admin',
        '分页获取当前用户[id=1770428273925709826]创建的资源列表', '2024-05-20 22:10:58', '2024-05-21 14:19:55', 0);
INSERT INTO `t_operation`
VALUES (1792558653094907905, '/chart/page', 1770428273925709826, 'admin',
        '分页获取当前用户[id=1770428273925709826]创建的资源列表', '2024-05-20 22:11:01', '2024-05-21 14:19:55', 0);
INSERT INTO `t_operation`
VALUES (1792558888844152833, '/chart/page', 1770428273925709826, 'admin',
        '分页获取当前用户[id=1770428273925709826]创建的资源列表', '2024-05-20 22:11:57', '2024-05-21 14:19:55', 0);
INSERT INTO `t_operation`
VALUES (1792559856621080578, '/chart/page', 1770428273925709826, 'admin',
        '分页获取当前用户[id=1770428273925709826]创建的资源列表', '2024-05-20 22:15:48', '2024-05-21 14:19:55', 0);
INSERT INTO `t_operation`
VALUES (1792560553253031937, '/chart/page', 1770428273925709826, 'admin',
        '分页获取当前用户[id=1770428273925709826]创建的资源列表', '2024-05-20 22:18:34', '2024-05-21 14:19:55', 0);
INSERT INTO `t_operation`
VALUES (1792560556553949185, '/chart/page', 1770428273925709826, 'admin',
        '分页获取当前用户[id=1770428273925709826]创建的资源列表', '2024-05-20 22:18:35', '2024-05-21 14:19:55', 0);
INSERT INTO `t_operation`
VALUES (1792561401148362753, '/chart/page', 1770428273925709826, 'admin',
        '分页获取当前用户[id=1770428273925709826]创建的资源列表', '2024-05-20 22:21:56', '2024-05-21 14:19:55', 0);
INSERT INTO `t_operation`
VALUES (1792563069013348354, '/chart/page', 1770428273925709826, 'admin',
        '分页获取当前用户[id=1770428273925709826]创建的资源列表', '2024-05-20 22:28:34', '2024-05-21 14:19:55', 0);
INSERT INTO `t_operation`
VALUES (1792563072557535233, '/chart/page', 1770428273925709826, 'admin',
        '分页获取当前用户[id=1770428273925709826]创建的资源列表', '2024-05-20 22:28:35', '2024-05-21 14:19:55', 0);
INSERT INTO `t_operation`
VALUES (1792563119588265986, '/chart/page', 1770428273925709826, 'admin',
        '分页获取当前用户[id=1770428273925709826]创建的资源列表', '2024-05-20 22:28:46', '2024-05-21 14:19:55', 0);
INSERT INTO `t_operation`
VALUES (1792563206410358785, '/admin/page', 1770428273925709826, 'admin', '管理员分页查询用户信息',
        '2024-05-20 22:29:07', '2024-05-21 14:19:55', 0);
INSERT INTO `t_operation`
VALUES (1792563268305702914, '/chart/page', 1770428273925709826, 'admin',
        '分页获取当前用户[id=1770428273925709826]创建的资源列表', '2024-05-20 22:29:22', '2024-05-21 14:19:55', 0);
INSERT INTO `t_operation`
VALUES (1792563444810403841, '/chart/page', 1770428273925709826, 'admin',
        '分页获取当前用户[id=1770428273925709826]创建的资源列表', '2024-05-20 22:30:04', '2024-05-21 14:19:55', 0);
INSERT INTO `t_operation`
VALUES (1792563845819420673, '/chart/page', 1770428273925709826, 'admin',
        '分页获取当前用户[id=1770428273925709826]创建的资源列表', '2024-05-20 22:31:39', '2024-05-21 14:19:55', 0);
INSERT INTO `t_operation`
VALUES (1792563894813085697, '/chart/page', 1770428273925709826, 'admin',
        '分页获取当前用户[id=1770428273925709826]创建的资源列表', '2024-05-20 22:31:51', '2024-05-21 14:19:55', 0);
INSERT INTO `t_operation`
VALUES (1792564936820805634, '/chart/page', 1770428273925709826, 'admin',
        '分页获取当前用户[id=1770428273925709826]创建的资源列表', '2024-05-20 22:35:59', '2024-05-21 14:19:55', 0);
INSERT INTO `t_operation`
VALUES (1792565390703218690, '/chart/page', 1770428273925709826, 'admin',
        '分页获取当前用户[id=1770428273925709826]创建的资源列表', '2024-05-20 22:37:48', '2024-05-21 14:19:55', 0);
INSERT INTO `t_operation`
VALUES (1792565682488365058, '/chart/page', 1770428273925709826, 'admin',
        '分页获取当前用户[id=1770428273925709826]创建的资源列表', '2024-05-20 22:38:57', '2024-05-21 14:19:55', 0);
INSERT INTO `t_operation`
VALUES (1792565808296513537, '/chart/page', 1770428273925709826, 'admin',
        '分页获取当前用户[id=1770428273925709826]创建的资源列表', '2024-05-20 22:39:27', '2024-05-21 14:19:55', 0);
INSERT INTO `t_operation`
VALUES (1792565876525256706, '/chart/page', 1770428273925709826, 'admin',
        '分页获取当前用户[id=1770428273925709826]创建的资源列表', '2024-05-20 22:39:43', '2024-05-21 14:19:55', 0);
INSERT INTO `t_operation`
VALUES (1792565960071598082, '/admin/page', 1770428273925709826, 'admin', '管理员分页查询用户信息',
        '2024-05-20 22:40:03', '2024-05-21 14:19:55', 0);
INSERT INTO `t_operation`
VALUES (1792565968137244673, '/admin/update/state/1783441483094167553', 1770428273925709826, 'admin',
        '管理员修改用户状态[id=1783441483094167553]', '2024-05-20 22:40:05', '2024-05-21 14:19:55', 0);
INSERT INTO `t_operation`
VALUES (1792565969626222594, '/admin/page', 1770428273925709826, 'admin', '管理员分页查询用户信息',
        '2024-05-20 22:40:06', '2024-05-21 14:19:55', 0);
INSERT INTO `t_operation`
VALUES (1792565972016975873, '/admin/update/state/1783441483094167553', 1770428273925709826, 'admin',
        '管理员修改用户状态[id=1783441483094167553]', '2024-05-20 22:40:06', '2024-05-21 14:19:55', 0);
INSERT INTO `t_operation`
VALUES (1792565973522731009, '/admin/page', 1770428273925709826, 'admin', '管理员分页查询用户信息',
        '2024-05-20 22:40:07', '2024-05-21 14:19:55', 0);
INSERT INTO `t_operation`
VALUES (1792568278246641665, '/admin/page', 1770428273925709826, 'admin', '管理员分页查询用户信息',
        '2024-05-20 22:49:16', '2024-05-21 14:19:55', 0);
INSERT INTO `t_operation`
VALUES (1792568397700419586, '/admin/page', 1770428273925709826, 'admin', '管理员分页查询用户信息',
        '2024-05-20 22:49:44', '2024-05-21 14:19:55', 0);
INSERT INTO `t_operation`
VALUES (1792573798869258241, '/admin/page', 1770428273925709826, 'admin', '管理员分页查询用户信息',
        '2024-05-20 23:11:12', '2024-05-21 14:19:55', 0);
INSERT INTO `t_operation`
VALUES (1792577949569273858, '/admin/page', 1770428273925709826, 'admin', '管理员分页查询用户信息',
        '2024-05-20 23:27:42', '2024-05-21 14:19:55', 0);
INSERT INTO `t_operation`
VALUES (1792580120687824897, '/admin/page', 1770428273925709826, 'admin', '管理员分页查询用户信息',
        '2024-05-20 23:36:19', '2024-05-21 14:19:55', 0);
INSERT INTO `t_operation`
VALUES (1792580123829358593, '/admin/page', 1770428273925709826, 'admin', '管理员分页查询用户信息',
        '2024-05-20 23:36:20', '2024-05-21 14:19:55', 0);
INSERT INTO `t_operation`
VALUES (1792580153952849921, '/admin/export', 1770428273925709826, 'admin', '导出用户表格', '2024-05-20 23:36:27',
        '2024-05-21 14:19:55', 0);
INSERT INTO `t_operation`
VALUES (1792585665486409729, '/admin/page', 1770428273925709826, 'admin', '管理员分页查询用户信息',
        '2024-05-20 23:58:21', '2024-05-21 14:19:55', 0);
INSERT INTO `t_operation`
VALUES (1792586197009584130, '/operation/page', 1770428273925709826, 'admin', '管理员分页查询操作日志信息',
        '2024-05-21 00:00:28', '2024-05-21 14:19:55', 0);
INSERT INTO `t_operation`
VALUES (1792586563495284738, '/operation/page', 1770428273925709826, 'admin', '管理员分页查询操作日志信息',
        '2024-05-21 00:01:56', '2024-05-21 14:19:55', 0);
INSERT INTO `t_operation`
VALUES (1792586567165300738, '/operation/page', 1770428273925709826, 'admin', '管理员分页查询操作日志信息',
        '2024-05-21 00:01:56', '2024-05-21 14:19:55', 0);
INSERT INTO `t_operation`
VALUES (1792586873534042113, '/operation/page', 1770428273925709826, 'admin', '管理员分页查询操作日志信息',
        '2024-05-21 00:03:09', '2024-05-21 14:19:55', 0);
INSERT INTO `t_operation`
VALUES (1792586896980201474, '/operation/page', 1770428273925709826, 'admin', '管理员分页查询操作日志信息',
        '2024-05-21 00:03:15', '2024-05-21 14:19:55', 0);
INSERT INTO `t_operation`
VALUES (1792587176744472578, '/operation/page', 1770428273925709826, 'admin', '管理员分页查询操作日志信息',
        '2024-05-21 00:04:22', '2024-05-21 14:19:55', 0);
INSERT INTO `t_operation`
VALUES (1792587180510957570, '/operation/page', 1770428273925709826, 'admin', '管理员分页查询操作日志信息',
        '2024-05-21 00:04:23', '2024-05-21 14:19:55', 0);
INSERT INTO `t_operation`
VALUES (1792587183698628609, '/operation/page', 1770428273925709826, 'admin', '管理员分页查询操作日志信息',
        '2024-05-21 00:04:23', '2024-05-21 14:19:55', 0);
INSERT INTO `t_operation`
VALUES (1792587303227904002, '/operation/page', 1770428273925709826, 'admin', '管理员分页查询操作日志信息',
        '2024-05-21 00:04:52', '2024-05-21 14:19:55', 0);
INSERT INTO `t_operation`
VALUES (1792587329173868546, '/operation/page', 1770428273925709826, 'admin', '管理员分页查询操作日志信息',
        '2024-05-21 00:04:58', '2024-05-21 14:19:55', 0);
INSERT INTO `t_operation`
VALUES (1792587338007072770, '/auth/logout', 1770428273925709826, 'admin',
        '用户已经退出[id=1770428273925709826，账号=admin]', '2024-05-21 00:05:00', '2024-05-21 14:19:55', 0);
INSERT INTO `t_operation`
VALUES (1792587371095937026, '/auth/login', 1770428273925709826, 'admin',
        '用户已经登录[id=1770428273925709826，账号=admin]', '2024-05-21 00:05:08', '2024-05-21 14:19:55', 0);
INSERT INTO `t_operation`
VALUES (1792587374350716929, '/operation/page', 1770428273925709826, 'admin', '管理员分页查询操作日志信息',
        '2024-05-21 00:05:09', '2024-05-21 14:19:55', 0);
INSERT INTO `t_operation`
VALUES (1792587397843013633, '/operation/page', 1770428273925709826, 'admin', '管理员分页查询操作日志信息',
        '2024-05-21 00:05:14', '2024-05-21 14:19:55', 0);
INSERT INTO `t_operation`
VALUES (1792587468718362626, '/operation/page', 1770428273925709826, 'admin', '管理员分页查询操作日志信息',
        '2024-05-21 00:05:31', '2024-05-21 14:19:55', 0);
INSERT INTO `t_operation`
VALUES (1792587477505429505, '/operation/page', 1770428273925709826, 'admin', '管理员分页查询操作日志信息',
        '2024-05-21 00:05:33', '2024-05-21 14:19:55', 0);
INSERT INTO `t_operation`
VALUES (1792587879093280769, '/operation/page', 1770428273925709826, 'admin', '管理员分页查询操作日志信息',
        '2024-05-21 00:07:09', '2024-05-21 14:19:55', 0);
INSERT INTO `t_operation`
VALUES (1792588030323105794, '/operation/page', 1770428273925709826, 'admin', '管理员分页查询操作日志信息',
        '2024-05-21 00:07:45', '2024-05-21 14:19:55', 0);
INSERT INTO `t_operation`
VALUES (1792588046622171137, '/operation/page', 1770428273925709826, 'admin', '管理员分页查询操作日志信息',
        '2024-05-21 00:07:49', '2024-05-21 14:19:55', 0);
INSERT INTO `t_operation`
VALUES (1792588052188012546, '/operation/page', 1770428273925709826, 'admin', '管理员分页查询操作日志信息',
        '2024-05-21 00:07:50', '2024-05-21 14:19:55', 0);
INSERT INTO `t_operation`
VALUES (1792588061709082626, '/operation/page', 1770428273925709826, 'admin', '管理员分页查询操作日志信息',
        '2024-05-21 00:07:53', '2024-05-21 14:19:55', 0);
INSERT INTO `t_operation`
VALUES (1792588074635927554, '/operation/page', 1770428273925709826, 'admin', '管理员分页查询操作日志信息',
        '2024-05-21 00:07:56', '2024-05-21 14:19:55', 0);
INSERT INTO `t_operation`
VALUES (1792588082068234242, '/operation/page', 1770428273925709826, 'admin', '管理员分页查询操作日志信息',
        '2024-05-21 00:07:58', '2024-05-21 14:19:55', 0);
INSERT INTO `t_operation`
VALUES (1792588138288685057, '/operation/page', 1770428273925709826, 'admin', '管理员分页查询操作日志信息',
        '2024-05-21 00:08:11', '2024-05-21 14:19:55', 0);
INSERT INTO `t_operation`
VALUES (1792588144290734082, '/operation/page', 1770428273925709826, 'admin', '管理员分页查询操作日志信息',
        '2024-05-21 00:08:12', '2024-05-21 14:19:55', 0);
INSERT INTO `t_operation`
VALUES (1792588515046236161, '/chart/page', 1770428273925709826, 'admin',
        '分页获取当前用户[id=1770428273925709826]创建的资源列表', '2024-05-21 00:09:41', '2024-05-21 14:19:55', 0);
INSERT INTO `t_operation`
VALUES (1792588522134609921, '/operation/page', 1770428273925709826, 'admin', '管理员分页查询操作日志信息',
        '2024-05-21 00:09:43', '2024-05-21 14:19:55', 0);
INSERT INTO `t_operation`
VALUES (1792588582159294466, '/admin/page', 1770428273925709826, 'admin', '管理员分页查询用户信息',
        '2024-05-21 00:09:57', '2024-05-21 14:19:55', 0);
INSERT INTO `t_operation`
VALUES (1792588590816337922, '/operation/page', 1770428273925709826, 'admin', '管理员分页查询操作日志信息',
        '2024-05-21 00:09:59', '2024-05-21 14:19:55', 0);
INSERT INTO `t_operation`
VALUES (1792588654842388482, '/operation/page', 1770428273925709826, 'admin', '管理员分页查询操作日志信息',
        '2024-05-21 00:10:14', '2024-05-21 14:19:55', 0);
INSERT INTO `t_operation`
VALUES (1792588662677348353, '/operation/page', 1770428273925709826, 'admin', '管理员分页查询操作日志信息',
        '2024-05-21 00:10:16', '2024-05-21 14:19:55', 0);
INSERT INTO `t_operation`
VALUES (1792595119850381313, '/operation/export', 1770428273925709826, 'admin', '导出操作日志表格',
        '2024-05-21 00:35:56', '2024-05-21 14:19:55', 0);
INSERT INTO `t_operation`
VALUES (1792595381671419905, '/operation/export', 1770428273925709826, 'admin', '导出操作日志表格',
        '2024-05-21 00:36:58', '2024-05-21 14:19:55', 0);
INSERT INTO `t_operation`
VALUES (1792595457798037505, '/operation/export', 1770428273925709826, 'admin', '导出操作日志表格',
        '2024-05-21 00:37:16', '2024-05-21 14:19:55', 0);
INSERT INTO `t_operation`
VALUES (1792595572516446210, '/auth/logout', 1770428273925709826, 'admin',
        '用户已经退出[id=1770428273925709826，账号=admin]', '2024-05-21 00:37:43', '2024-05-21 14:19:55', 0);
INSERT INTO `t_operation`
VALUES (1792595757120348162, '/auth/login', 1770428273925709826, 'admin',
        '用户已经登录[id=1770428273925709826，账号=admin]', '2024-05-21 00:38:27', '2024-05-21 14:19:55', 0);
INSERT INTO `t_operation`
VALUES (1792595773142589442, '/operation/export', 1770428273925709826, 'admin', '导出操作日志表格',
        '2024-05-21 00:38:31', '2024-05-21 14:19:55', 0);
INSERT INTO `t_operation`
VALUES (1792595935181135873, '/auth/login', 1770428273925709826, 'admin',
        '用户已经登录[id=1770428273925709826，账号=admin]', '2024-05-21 00:39:10', '2024-05-21 14:19:55', 0);
INSERT INTO `t_operation`
VALUES (1792595964310577153, '/operation/export', 1770428273925709826, 'admin', '导出操作日志表格',
        '2024-05-21 00:39:17', '2024-05-21 14:19:55', 0);
INSERT INTO `t_operation`
VALUES (1792596295161470978, '/operation/export', 1770428273925709826, 'admin', '导出操作日志表格',
        '2024-05-21 00:40:36', '2024-05-21 14:19:55', 0);
INSERT INTO `t_operation`
VALUES (1792596321266819073, '/operation/export', 1770428273925709826, 'admin', '导出操作日志表格',
        '2024-05-21 00:40:42', '2024-05-21 14:19:55', 0);
INSERT INTO `t_operation`
VALUES (1792596589370925057, '/admin/page', 1770428273925709826, 'admin', '管理员分页查询用户信息',
        '2024-05-21 00:41:46', '2024-05-21 14:19:55', 0);
INSERT INTO `t_operation`
VALUES (1792596617036554242, '/operation/export', 1770428273925709826, 'admin', '导出操作日志表格',
        '2024-05-21 00:41:53', '2024-05-21 14:19:55', 0);
INSERT INTO `t_operation`
VALUES (1792597235717341186, '/admin/page', 1770428273925709826, 'admin', '管理员分页查询用户信息',
        '2024-05-21 00:44:20', '2024-05-21 14:19:55', 0);
INSERT INTO `t_operation`
VALUES (1792597246530256897, '/admin/export', 1770428273925709826, 'admin', '导出用户表格', '2024-05-21 00:44:23',
        '2024-05-21 14:19:55', 0);
INSERT INTO `t_operation`
VALUES (1792598467894804481, '/admin/page', 1770428273925709826, 'admin', '管理员分页查询用户信息',
        '2024-05-21 00:49:14', '2024-05-21 14:19:55', 0);
INSERT INTO `t_operation`
VALUES (1792599931916615682, '/admin/page', 1770428273925709826, 'admin', '管理员分页查询用户信息',
        '2024-05-21 00:55:03', '2024-05-21 14:19:55', 0);
INSERT INTO `t_operation`
VALUES (1792800291796963330, '/auth/login', 1770428273925709826, 'admin',
        '用户已经登录[id=1770428273925709826，账号=admin]', '2024-05-21 14:11:12', '2024-05-21 14:19:55', 0);
INSERT INTO `t_operation`
VALUES (1792800336583741441, '/user/update/account', 1770428273925709826, 'admin',
        '用户[id=1770428273925709826]更新账号', '2024-05-21 14:11:23', '2024-05-21 14:19:55', 0);
INSERT INTO `t_operation`
VALUES (1792800450157105153, '/user/update/account', 1770428273925709826, 'admin',
        '用户[id=1770428273925709826]更新账号', '2024-05-21 14:11:50', '2024-05-21 14:19:55', 0);
INSERT INTO `t_operation`
VALUES (1792800466405838849, '/chart/page', 1770428273925709826, 'admin',
        '分页获取当前用户[id=1770428273925709826]创建的资源列表', '2024-05-21 14:11:54', '2024-05-21 14:19:55', 0);
INSERT INTO `t_operation`
VALUES (1792800579886927874, '/chart/page', 1770428273925709826, 'admin',
        '分页获取当前用户[id=1770428273925709826]创建的资源列表', '2024-05-21 14:12:21', '2024-05-21 14:19:55', 0);
INSERT INTO `t_operation`
VALUES (1792800582973935617, '/chart/page', 1770428273925709826, 'admin',
        '分页获取当前用户[id=1770428273925709826]创建的资源列表', '2024-05-21 14:12:22', '2024-05-21 14:19:55', 0);
INSERT INTO `t_operation`
VALUES (1792800937858191362, '/chart/page', 1770428273925709826, 'admin',
        '分页获取当前用户[id=1770428273925709826]创建的资源列表', '2024-05-21 14:13:46', '2024-05-21 14:19:55', 0);
INSERT INTO `t_operation`
VALUES (1792801186043547649, '/chart/gen', 1770428273925709826, 'admin', '用户[id=1770428273925709826]执行智能分析操作',
        '2024-05-21 14:14:46', '2024-05-21 14:19:55', 0);
INSERT INTO `t_operation`
VALUES (1792801283489812481, '/chart/page', 1770428273925709826, 'admin',
        '分页获取当前用户[id=1770428273925709826]创建的资源列表', '2024-05-21 14:15:09', '2024-05-21 14:19:55', 0);
INSERT INTO `t_operation`
VALUES (1792801338036736002, '/chart/page', 1770428273925709826, 'admin',
        '分页获取当前用户[id=1770428273925709826]创建的资源列表', '2024-05-21 14:15:22', '2024-05-21 14:19:55', 0);
INSERT INTO `t_operation`
VALUES (1792802092529111042, '/chart/gen', 1770428273925709826, 'admin', '用户[id=1770428273925709826]执行智能分析操作',
        '2024-05-21 14:18:22', '2024-05-21 14:19:55', 0);
INSERT INTO `t_operation`
VALUES (1792802241351405569, '/chart/page', 1770428273925709826, 'admin',
        '分页获取当前用户[id=1770428273925709826]创建的资源列表', '2024-05-21 14:18:57', '2024-05-21 14:19:55', 0);
INSERT INTO `t_operation`
VALUES (1792802384519778305, '/admin/page', 1770428273925709826, 'admin', '管理员分页查询用户信息',
        '2024-05-21 14:19:31', '2024-05-21 14:19:55', 0);
INSERT INTO `t_operation`
VALUES (1792802452366839810, '/user/update/account', 1770428273925709826, 'admin',
        '用户[id=1770428273925709826]更新账号', '2024-05-21 14:19:47', '2024-05-21 14:19:55', 0);
INSERT INTO `t_operation`
VALUES (1792802484923027458, '/user/update/account', 1770428273925709826, 'admin',
        '用户[id=1770428273925709826]更新账号', '2024-05-21 14:19:55', '2024-05-21 14:19:55', 0);
INSERT INTO `t_operation`
VALUES (1792802644667289602, '/chart/page', 1770428273925709826, 'admin',
        '分页获取当前用户[id=1770428273925709826]创建的资源列表', '2024-05-21 14:20:33', '2024-05-21 14:20:33', 0);
INSERT INTO `t_operation`
VALUES (1792802648190504961, '/admin/page', 1770428273925709826, 'admin', '管理员分页查询用户信息',
        '2024-05-21 14:20:34', '2024-05-21 14:20:34', 0);
INSERT INTO `t_operation`
VALUES (1792802668256055297, '/auth/logout', 1770428273925709826, 'admin',
        '用户已经退出[id=1770428273925709826，账号=admin]', '2024-05-21 14:20:39', '2024-05-21 14:20:39', 0);
INSERT INTO `t_operation`
VALUES (1792802703353991170, '/auth/login', 1783441483094167553, 'wangfei',
        '用户已经登录[id=1783441483094167553，账号=wangfei]', '2024-05-21 14:20:47', '2024-05-21 14:26:17', 0);
INSERT INTO `t_operation`
VALUES (1792802723125940226, '/chart/page', 1783441483094167553, 'wangfei',
        '分页获取当前用户[id=1783441483094167553]创建的资源列表', '2024-05-21 14:20:52', '2024-05-21 14:26:17', 0);
INSERT INTO `t_operation`
VALUES (1792803294901850114, '/chart/gen', 1783441483094167553, 'wangfei',
        '用户[id=1783441483094167553]执行智能分析操作', '2024-05-21 14:23:08', '2024-05-21 14:26:17', 0);
INSERT INTO `t_operation`
VALUES (1792803536971911170, '/chart/gen', 1783441483094167553, 'wangfei',
        '用户[id=1783441483094167553]执行智能分析操作', '2024-05-21 14:24:06', '2024-05-21 14:26:17', 0);
INSERT INTO `t_operation`
VALUES (1792803567602913281, '/chart/page', 1783441483094167553, 'wangfei',
        '分页获取当前用户[id=1783441483094167553]创建的资源列表', '2024-05-21 14:24:13', '2024-05-21 14:26:17', 0);
INSERT INTO `t_operation`
VALUES (1792803611156566017, '/chart/page', 1783441483094167553, 'wangfei',
        '分页获取当前用户[id=1783441483094167553]创建的资源列表', '2024-05-21 14:24:24', '2024-05-21 14:26:17', 0);
INSERT INTO `t_operation`
VALUES (1792803691406184449, '/chart/page', 1783441483094167553, 'wangfei',
        '分页获取当前用户[id=1783441483094167553]创建的资源列表', '2024-05-21 14:24:43', '2024-05-21 14:26:17', 0);
INSERT INTO `t_operation`
VALUES (1792803700604293122, '/chart/page', 1783441483094167553, 'wangfei',
        '分页获取当前用户[id=1783441483094167553]创建的资源列表', '2024-05-21 14:24:45', '2024-05-21 14:26:17', 0);
INSERT INTO `t_operation`
VALUES (1792803945635532801, '/auth/logout', 1783441483094167553, 'wangfei',
        '用户已经退出[id=1783441483094167553，账号=wangfei]', '2024-05-21 14:25:43', '2024-05-21 14:26:17', 0);
INSERT INTO `t_operation`
VALUES (1792803972294529026, '/auth/login', 1770428273925709826, 'admin',
        '用户已经登录[id=1770428273925709826，账号=admin]', '2024-05-21 14:25:50', '2024-05-21 14:25:50', 0);
INSERT INTO `t_operation`
VALUES (1792804009124712449, '/admin/page', 1770428273925709826, 'admin', '管理员分页查询用户信息',
        '2024-05-21 14:25:59', '2024-05-21 14:25:59', 0);
INSERT INTO `t_operation`
VALUES (1792804035909537793, '/admin/update/info', 1770428273925709826, 'admin',
        '管理员修改用户信息[id=1783441483094167553]', '2024-05-21 14:26:05', '2024-05-21 14:26:05', 0);
INSERT INTO `t_operation`
VALUES (1792804036790341634, '/admin/page', 1770428273925709826, 'admin', '管理员分页查询用户信息',
        '2024-05-21 14:26:05', '2024-05-21 14:26:05', 0);
INSERT INTO `t_operation`
VALUES (1792804056755228673, '/admin/page', 1770428273925709826, 'admin', '管理员分页查询用户信息',
        '2024-05-21 14:26:10', '2024-05-21 14:26:10', 0);
INSERT INTO `t_operation`
VALUES (1792804085570097153, '/admin/update/info', 1770428273925709826, 'admin',
        '管理员修改用户信息[id=1783441483094167553]', '2024-05-21 14:26:17', '2024-05-21 14:26:17', 0);
INSERT INTO `t_operation`
VALUES (1792804087059075074, '/admin/page', 1770428273925709826, 'admin', '管理员分页查询用户信息',
        '2024-05-21 14:26:17', '2024-05-21 14:26:17', 0);
INSERT INTO `t_operation`
VALUES (1792819190932328450, '/auth/login', 1770428273925709826, 'admin',
        '用户已经登录[id=1770428273925709826，账号=admin]', '2024-05-21 15:26:18', '2024-05-21 15:26:18', 0);
INSERT INTO `t_operation`
VALUES (1792819192966565889, '/chart/page', 1770428273925709826, 'admin',
        '分页获取当前用户[id=1770428273925709826]创建的资源列表', '2024-05-21 15:26:19', '2024-05-21 15:26:19', 0);
INSERT INTO `t_operation`
VALUES (1792820286128017409, '/chart/page', 1770428273925709826, 'admin',
        '分页获取当前用户[id=1770428273925709826]创建的资源列表', '2024-05-21 15:30:39', '2024-05-21 15:30:39', 0);
INSERT INTO `t_operation`
VALUES (1792820379921043457, '/chart/page', 1770428273925709826, 'admin',
        '分页获取当前用户[id=1770428273925709826]创建的资源列表', '2024-05-21 15:31:02', '2024-05-21 15:31:02', 0);
INSERT INTO `t_operation`
VALUES (1792820402901635073, '/chart/page', 1770428273925709826, 'admin',
        '分页获取当前用户[id=1770428273925709826]创建的资源列表', '2024-05-21 15:31:07', '2024-05-21 15:31:07', 0);
INSERT INTO `t_operation`
VALUES (1792820858973474818, '/chart/page', 1770428273925709826, 'admin',
        '分页获取当前用户[id=1770428273925709826]创建的资源列表', '2024-05-21 15:32:56', '2024-05-21 15:32:56', 0);
INSERT INTO `t_operation`
VALUES (1792820869606035457, '/chart/page', 1770428273925709826, 'admin',
        '分页获取当前用户[id=1770428273925709826]创建的资源列表', '2024-05-21 15:32:58', '2024-05-21 15:32:58', 0);
INSERT INTO `t_operation`
VALUES (1792820874123300865, '/chart/page', 1770428273925709826, 'admin',
        '分页获取当前用户[id=1770428273925709826]创建的资源列表', '2024-05-21 15:33:00', '2024-05-21 15:33:00', 0);
INSERT INTO `t_operation`
VALUES (1792821078029389826, '/chart/page', 1770428273925709826, 'admin',
        '分页获取当前用户[id=1770428273925709826]创建的资源列表', '2024-05-21 15:33:48', '2024-05-21 15:33:48', 0);
INSERT INTO `t_operation`
VALUES (1792821089702137857, '/chart/page', 1770428273925709826, 'admin',
        '分页获取当前用户[id=1770428273925709826]创建的资源列表', '2024-05-21 15:33:51', '2024-05-21 15:33:51', 0);
INSERT INTO `t_operation`
VALUES (1792821104243789825, '/chart/page', 1770428273925709826, 'admin',
        '分页获取当前用户[id=1770428273925709826]创建的资源列表', '2024-05-21 15:33:54', '2024-05-21 15:33:54', 0);
INSERT INTO `t_operation`
VALUES (1792821133633277953, '/chart/page', 1770428273925709826, 'admin',
        '分页获取当前用户[id=1770428273925709826]创建的资源列表', '2024-05-21 15:34:01', '2024-05-21 15:34:01', 0);
INSERT INTO `t_operation`
VALUES (1792822671583891457, '/chart/page', 1770428273925709826, 'admin',
        '分页获取当前用户[id=1770428273925709826]创建的资源列表', '2024-05-21 15:40:08', '2024-05-21 15:40:08', 0);
INSERT INTO `t_operation`
VALUES (1792824565727383554, '/chart/page', 1770428273925709826, 'admin',
        '分页获取当前用户[id=1770428273925709826]创建的资源列表', '2024-05-21 15:47:40', '2024-05-21 15:47:40', 0);
INSERT INTO `t_operation`
VALUES (1792825062785961985, '/chart/page', 1770428273925709826, 'admin',
        '分页获取当前用户[id=1770428273925709826]创建的资源列表', '2024-05-21 15:49:38', '2024-05-21 15:49:38', 0);
INSERT INTO `t_operation`
VALUES (1792826757809065986, '/chart/page', 1770428273925709826, 'admin',
        '分页获取当前用户[id=1770428273925709826]创建的资源列表', '2024-05-21 15:56:22', '2024-05-21 15:56:22', 0);
INSERT INTO `t_operation`
VALUES (1792827140249899010, '/chart/page', 1770428273925709826, 'admin',
        '分页获取当前用户[id=1770428273925709826]创建的资源列表', '2024-05-21 15:57:54', '2024-05-21 15:57:54', 0);
INSERT INTO `t_operation`
VALUES (1792827172302770178, '/chart/delete/1792802092529111041', 1770428273925709826, 'admin',
        '用户[id=1770428273925709826]删除图表[id=1792802092529111041]', '2024-05-21 15:58:01', '2024-05-21 15:58:01',
        0);
INSERT INTO `t_operation`
VALUES (1792827173724639234, '/chart/page', 1770428273925709826, 'admin',
        '分页获取当前用户[id=1770428273925709826]创建的资源列表', '2024-05-21 15:58:01', '2024-05-21 15:58:01', 0);
INSERT INTO `t_operation`
VALUES (1792827200798871553, '/chart/page', 1770428273925709826, 'admin',
        '分页获取当前用户[id=1770428273925709826]创建的资源列表', '2024-05-21 15:58:08', '2024-05-21 15:58:08', 0);
INSERT INTO `t_operation`
VALUES (1792827360723488770, '/chart/page', 1770428273925709826, 'admin',
        '分页获取当前用户[id=1770428273925709826]创建的资源列表', '2024-05-21 15:58:46', '2024-05-21 15:58:46', 0);
INSERT INTO `t_operation`
VALUES (1792827481452335105, '/chart/page', 1770428273925709826, 'admin',
        '分页获取当前用户[id=1770428273925709826]创建的资源列表', '2024-05-21 15:59:15', '2024-05-21 15:59:15', 0);
INSERT INTO `t_operation`
VALUES (1792827488310022146, '/chart/page', 1770428273925709826, 'admin',
        '分页获取当前用户[id=1770428273925709826]创建的资源列表', '2024-05-21 15:59:16', '2024-05-21 15:59:16', 0);
INSERT INTO `t_operation`
VALUES (1792827508518178818, '/chart/page', 1770428273925709826, 'admin',
        '分页获取当前用户[id=1770428273925709826]创建的资源列表', '2024-05-21 15:59:21', '2024-05-21 15:59:21', 0);
INSERT INTO `t_operation`
VALUES (1792827519507255297, '/chart/page', 1770428273925709826, 'admin',
        '分页获取当前用户[id=1770428273925709826]创建的资源列表', '2024-05-21 15:59:24', '2024-05-21 15:59:24', 0);
INSERT INTO `t_operation`
VALUES (1792827541485408257, '/chart/page', 1770428273925709826, 'admin',
        '分页获取当前用户[id=1770428273925709826]创建的资源列表', '2024-05-21 15:59:29', '2024-05-21 15:59:29', 0);
INSERT INTO `t_operation`
VALUES (1792827553405620225, '/chart/page', 1770428273925709826, 'admin',
        '分页获取当前用户[id=1770428273925709826]创建的资源列表', '2024-05-21 15:59:32', '2024-05-21 15:59:32', 0);
INSERT INTO `t_operation`
VALUES (1792827686956453890, '/chart/page', 1770428273925709826, 'admin',
        '分页获取当前用户[id=1770428273925709826]创建的资源列表', '2024-05-21 16:00:04', '2024-05-21 16:00:04', 0);
INSERT INTO `t_operation`
VALUES (1792827738500255745, '/auth/logout', 1770428273925709826, 'admin',
        '用户已经退出[id=1770428273925709826，账号=admin]', '2024-05-21 16:00:16', '2024-05-21 16:00:16', 0);
INSERT INTO `t_operation`
VALUES (1792827768355311618, '/auth/login', 1783441483094167553, 'wangfei',
        '用户已经登录[id=1783441483094167553，账号=wangfei]', '2024-05-21 16:00:23', '2024-05-21 16:00:23', 0);
INSERT INTO `t_operation`
VALUES (1792827771316490242, '/chart/page', 1783441483094167553, 'wangfei',
        '分页获取当前用户[id=1783441483094167553]创建的资源列表', '2024-05-21 16:00:24', '2024-05-21 16:00:24', 0);
INSERT INTO `t_operation`
VALUES (1792827817852293121, '/auth/logout', 1783441483094167553, 'wangfei',
        '用户已经退出[id=1783441483094167553，账号=wangfei]', '2024-05-21 16:00:35', '2024-05-21 16:00:35', 0);
INSERT INTO `t_operation`
VALUES (1792827858297966594, '/auth/login', 1770428273925709826, 'admin',
        '用户已经登录[id=1770428273925709826，账号=admin]', '2024-05-21 16:00:45', '2024-05-21 16:00:45', 0);
INSERT INTO `t_operation`
VALUES (1792827875419115522, '/chart/page', 1770428273925709826, 'admin',
        '分页获取当前用户[id=1770428273925709826]创建的资源列表', '2024-05-21 16:00:49', '2024-05-21 16:00:49', 0);
INSERT INTO `t_operation`
VALUES (1792828004242968578, '/chart/delete/1792165040829706241', 1770428273925709826, 'admin',
        '用户[id=1770428273925709826]删除图表[id=1792165040829706241]', '2024-05-21 16:01:20', '2024-05-21 16:01:20',
        0);
INSERT INTO `t_operation`
VALUES (1792828005673226242, '/chart/page', 1770428273925709826, 'admin',
        '分页获取当前用户[id=1770428273925709826]创建的资源列表', '2024-05-21 16:01:20', '2024-05-21 16:01:20', 0);
INSERT INTO `t_operation`
VALUES (1792828221914763266, '/chart/page', 1770428273925709826, 'admin',
        '分页获取当前用户[id=1770428273925709826]创建的资源列表', '2024-05-21 16:02:11', '2024-05-21 16:02:11', 0);
INSERT INTO `t_operation`
VALUES (1792828265074151425, '/chart/page', 1770428273925709826, 'admin',
        '分页获取当前用户[id=1770428273925709826]创建的资源列表', '2024-05-21 16:02:22', '2024-05-21 16:02:22', 0);
INSERT INTO `t_operation`
VALUES (1792828270434471937, '/chart/page', 1770428273925709826, 'admin',
        '分页获取当前用户[id=1770428273925709826]创建的资源列表', '2024-05-21 16:02:23', '2024-05-21 16:02:23', 0);
INSERT INTO `t_operation`
VALUES (1792828291989000193, '/chart/delete/1792165040829706241', 1770428273925709826, 'admin',
        '用户[id=1770428273925709826]删除图表[id=1792165040829706241]', '2024-05-21 16:02:28', '2024-05-21 16:02:28',
        0);
INSERT INTO `t_operation`
VALUES (1792828293419257858, '/chart/page', 1770428273925709826, 'admin',
        '分页获取当前用户[id=1770428273925709826]创建的资源列表', '2024-05-21 16:02:28', '2024-05-21 16:02:28', 0);
INSERT INTO `t_operation`
VALUES (1792828336125661186, '/chart/page', 1770428273925709826, 'admin',
        '分页获取当前用户[id=1770428273925709826]创建的资源列表', '2024-05-21 16:02:39', '2024-05-21 16:02:39', 0);
INSERT INTO `t_operation`
VALUES (1792828359588597761, '/admin/page', 1770428273925709826, 'admin', '管理员分页查询用户信息',
        '2024-05-21 16:02:44', '2024-05-21 16:02:44', 0);
INSERT INTO `t_operation`
VALUES (1792828372628688897, '/chart/page', 1770428273925709826, 'admin',
        '分页获取当前用户[id=1770428273925709826]创建的资源列表', '2024-05-21 16:02:47', '2024-05-21 16:02:47', 0);
INSERT INTO `t_operation`
VALUES (1792829706476081153, '/admin/page', 1770428273925709826, 'admin', '管理员分页查询用户信息',
        '2024-05-21 16:08:05', '2024-05-21 16:08:05', 0);

-- ----------------------------
-- Table structure for t_user
-- ----------------------------
DROP TABLE IF EXISTS `t_user`;
CREATE TABLE `t_user`
(
    `user_id`       bigint UNSIGNED                                               NOT NULL AUTO_INCREMENT COMMENT 'id',
    `user_account`  varchar(64) CHARACTER SET utf8mb4 COLLATE utf8mb4_unicode_ci  NOT NULL COMMENT '账号',
    `user_password` varchar(64) CHARACTER SET utf8mb4 COLLATE utf8mb4_unicode_ci  NOT NULL COMMENT '密码',
    `user_name`     varchar(64) CHARACTER SET utf8mb4 COLLATE utf8mb4_unicode_ci  NULL     DEFAULT NULL COMMENT '用户昵称',
    `user_avatar`   varchar(255) CHARACTER SET utf8mb4 COLLATE utf8mb4_unicode_ci NULL     DEFAULT NULL COMMENT '用户头像',
    `user_role`     varchar(32) CHARACTER SET utf8mb4 COLLATE utf8mb4_unicode_ci  NULL     DEFAULT 'user' COMMENT '用户角色：user/admin',
    `user_state`    tinyint                                                       NOT NULL COMMENT '用户状态（0表示启用，1表示禁用）',
    `create_time`   timestamp                                                     NOT NULL DEFAULT CURRENT_TIMESTAMP COMMENT '创建时间',
    `update_time`   timestamp                                                     NOT NULL DEFAULT CURRENT_TIMESTAMP ON UPDATE CURRENT_TIMESTAMP COMMENT '更新时间',
    `is_deleted`    tinyint                                                       NOT NULL DEFAULT 0 COMMENT '是否删除',
    PRIMARY KEY (`user_id`) USING BTREE,
    INDEX `idx_userAccount` (`user_account` ASC) USING BTREE
) ENGINE = InnoDB
  AUTO_INCREMENT = 1783441483094167554
  CHARACTER SET = utf8mb4
  COLLATE = utf8mb4_unicode_ci COMMENT = '用户表'
  ROW_FORMAT = Dynamic;

-- ----------------------------
-- Records of t_user
-- ----------------------------
INSERT INTO `t_user`
VALUES (1770428273925709826, 'admin', 'FBWzA2jdoO9tjpiK3rKTbw==', 'admin',
        'http://127.0.0.1:9000/ai-bi/avatar/2024/05/12/dbc3ccccd212481ca3023d715de285c01715490376639.jpg', 'admin', 0,
        '2024-03-21 12:32:48', '2024-05-21 14:19:55', 0);
INSERT INTO `t_user`
VALUES (1783441483094167553, 'wangfei', 'FBWzA2jdoO9tjpiK3rKTbw==', '王菲',
        'http://127.0.0.1:9000/ai-bi/avatar/2024/04/25/3d0973db1ea04cccb27e5f3f10b0117c1714040604155.jpg', 'user', 0,
        '2024-04-25 18:22:39', '2024-05-21 14:26:17', 0);

SET FOREIGN_KEY_CHECKS = 1;
